id,predicted_price
2591820310,374748.47
7974200820,872936.1
7701450110,1126108.6
9522300010,1932073.5
9510861140,738734.56
1761300310,254430.97
7732410120,792621.4
7010701383,591142.44
291310170,445749.62
4232901990,542487.06
6840701125,606528.6
3971700580,378052.72
4202400078,246475.02
6064800090,352972.4
2626119028,244792.61
3303980660,1004320.06
862000020,690248.25
2386000070,985750.8
1138000450,379861.53
1775800420,443664.72
2291401425,427319.7
2025770560,930668.94
3525069037,765526.75
9324800450,571012.4
8080400136,495293.3
8651540040,522460.97
9407001790,258963.94
1773101530,231788.58
9432900250,337874.4
1794500695,593070.25
2220069003,368806.94
923000120,459032.56
5728000060,530810.0
16000200,238174.05
1926059094,446860.53
6672900220,938034.5
3629860060,866617.2
1822069109,404058.34
6675500105,368450.12
249000180,1934433.5
226059065,460837.06
396100110,289117.16
9264450460,329958.47
7853361210,384408.5
9474700020,261589.84
421000455,227003.16
3755200220,423465.7
7960100075,440822.1
9477100490,371288.94
9138100350,771748.7
1624049275,488190.53
2770606890,496404.56
1157200189,421345.97
2770601800,520749.75
9301300805,515580.88
2325069032,1116756.0
1021079099,332676.44
7215730040,755312.56
1853200080,480913.4
3224600340,707080.8
3222049120,438933.1
2113700025,275589.53
7893207925,212455.16
3586501085,579167.7
8024200010,383220.38
7116500705,181398.77
1598600209,303882.34
7204200025,847283.44
4206901505,557713.06
2937300440,860441.56
7205000180,319210.7
8718500665,374223.8
5318101765,847682.7
4122700020,953879.2
8078700020,512192.47
3303980680,954903.2
8924100372,1106792.8
2781270210,217752.22
519000043,529377.8
3225069301,1481222.2
151000075,747357.75
2297400020,441103.44
6617500085,666180.25
104510180,239259.06
3528900060,968528.3
3345100286,522334.4
1226039130,438822.16
8712100720,753126.7
3037200010,397048.1
3626039268,422270.78
104510230,241370.73
5112800060,407531.62
6072400280,647960.8
5317100570,1163681.5
9528102993,517378.7
2919201095,475637.53
6181400920,262732.9
185000161,253055.03
8691400010,755396.1
3345700165,524679.94
6151800486,227509.66
4340000080,1353137.2
4136960010,569043.94
3634100030,332342.2
1624059224,1067444.9
2788400090,256620.52
9828200762,460722.8
7524400250,526292.06
3528000290,731903.7
5700003630,2294880.0
2720069019,276022.72
7227501170,230501.44
2397101270,548767.06
6792100090,715606.7
2770602265,512915.9
3971700937,285013.44
422049203,220691.03
3076500830,319995.84
1423400260,295359.25
9161100795,439353.56
3126049052,478384.75
5100401468,388497.9
514500235,441008.38
1423200170,201392.22
1402100070,373826.1
624110020,780661.2
2407000145,191749.61
1890000225,817200.3
1320069271,308034.4
5490700085,355934.25
263000155,499594.66
3726800201,400737.3
5153200358,314819.72
2725079018,817286.9
7165700200,269285.84
9429000170,547007.3
8718500075,376335.4
1760650950,296187.7
1068000559,1236414.6
4113800500,643703.6
4077800507,511057.06
2725069150,744328.3
4008400035,698867.7
7016310270,394030.0
1432701230,224067.25
3278606050,355053.78
2473350710,390949.06
2185000685,167367.33
7792000025,397497.44
6868200029,498325.1
624069003,705459.56
7431500280,865788.6
3296000040,556911.56
1118001215,1602321.0
6453900040,712075.56
333100209,732687.25
34001765,574888.06
8946700100,396719.94
5561401210,569518.44
6671900095,370011.44
3275850020,704328.2
3876300600,418911.94
1450900020,271857.94
8562780280,310708.9
7663700973,314890.56
2126049032,376933.1
1823059159,150556.89
3438503426,260757.19
9297301495,525675.6
7140700850,401903.5
7942601805,706324.6
2555900030,364314.88
2887970040,259416.78
7419700010,657100.44
2239000011,381984.16
9283800050,332343.16
9407001340,276507.5
217500140,547529.75
7212660520,249793.14
3298201170,364697.28
3057000400,289966.25
6865200444,477820.72
6071600340,514128.47
6821600005,688898.1
1235100371,820857.4
7796450340,355766.6
3603000410,182568.86
9297300255,528518.75
9126100850,555697.75
2770601462,492457.9
2599001500,218068.92
1102000095,741973.94
1853080640,931371.25
9551201585,1036099.9
3438500796,320035.8
7518504291,539203.0
9269200340,415035.97
715010130,1482024.8
1982201485,617277.44
9526500080,383626.97
9277200180,455801.88
6669150280,291666.1
8917100153,579436.75
3760500516,1091295.4
2725069050,972230.06
3332000091,302697.9
8562770080,581902.7
8151601190,240660.73
8563040160,615501.0
240000269,663264.8
4307350200,305732.88
1311910300,263875.72
3574900030,497044.56
7853230570,404083.78
320069049,380083.66
9839301060,634499.2
7011201333,599193.1
2781320100,291156.4
3421069120,424929.34
7852030320,454426.4
5316101075,2154079.0
5309100750,564482.6
629000730,700102.5
511700170,301978.22
1562100030,557817.3
2489200230,566500.7
524069116,499028.47
5315100737,951027.06
1868900675,897424.94
1608000120,352048.56
705700240,350219.2
7575600610,260049.9
1778500015,680304.25
5423500240,195814.45
6713700025,350543.66
2734100734,317441.72
301402280,217397.61
2113700205,274372.44
4114601570,2965791.0
3332000615,287080.4
3630050180,337427.16
6852700520,480565.44
6870310010,609820.1
6163900981,332694.2
393000142,383717.0
1771100130,347960.03
1442860160,390609.94
9191200435,583347.4
6788200800,897264.94
1115300070,635294.8
3176600105,770012.94
2770604665,566158.8
5469500580,422271.6
5680000545,521721.56
3424089119,529441.94
1328300180,330787.75
1773100922,360760.3
4123830480,327559.34
9808610190,1083668.5
4250200140,279453.6
4217402115,3062662.0
3831250350,389153.16
2397101055,741697.3
6817850110,825440.3
7526800200,651859.4
7853370100,652872.8
2523089025,854582.1
9476200680,274546.5
5714200140,405989.25
3575304895,529115.4
263000018,418869.6
8080400177,505483.25
6450304130,351186.78
514500090,551961.44
9477000300,418653.94
853600310,1452178.0
1951600240,207680.92
1099900120,327304.22
5323100120,530953.3
1223089016,418501.03
522059172,241118.12
1930300190,706867.75
9542840410,298928.66
8665050530,509507.1
5592900205,377093.8
5450300010,591246.2
2459960030,324861.8
3331500455,535943.44
3432500705,409805.72
3702900165,284238.47
5249803550,578004.56
626049058,402962.75
1788900380,183109.4
8075400360,232567.33
9113200250,753148.94
2738640040,659849.06
7821200307,511189.16
3530440140,244978.5
3582700130,435342.88
9276200569,710375.8
7197800020,569058.06
686200490,543337.75
3501600100,365694.4
6383000690,602157.06
7604400150,346141.3
5249801411,840990.5
2607720420,434393.16
9561100010,390207.1
1796370590,252381.16
4077800593,356991.5
854000165,250145.95
5536100010,727599.25
4188000670,820726.7
31000165,1432261.0
662350050,931153.7
4137000280,274709.7
6169901130,978868.1
1953400510,253631.02
7518506716,1060551.9
1552520010,357587.1
7955080270,308385.66
9212900100,496439.6
3438500798,337741.38
7899800890,220040.17
4319200605,451127.88
1329300480,380323.7
8935100100,830417.75
5016001260,427560.22
4337600280,288687.06
1446401220,172498.45
7135521530,673059.8
6888900115,274488.38
2413301070,298385.22
345700040,263355.06
5566100145,438153.5
7634800070,360540.88
9346910500,596653.94
3529300060,320040.72
8128600060,1122317.6
8572900275,181795.02
4139420590,1353237.9
9274200322,575022.4
1472700200,545535.06
8820903380,611112.0
8563010130,832908.25
8965450110,841852.3
9274204230,485831.56
8165501700,373624.72
2193340260,516389.34
1860600290,791708.06
1222000055,187510.58
2492200280,444421.47
2488200455,378359.66
809001520,1047829.3
1796361140,235442.33
6398000011,710742.4
6813600365,542134.8
7504100920,826800.1
8835770330,677246.25
524059322,845219.0
4307330280,382580.97
1245002952,997607.4
2021069059,249553.36
5700000595,643756.44
3629970930,738152.2
3336002215,254259.72
5100401060,633608.5
3278600750,278726.16
1126069045,1024926.8
7568700175,343452.22
452001475,497282.56
9283800230,468774.16
1737300130,549641.75
6189600040,484894.25
3679400025,499289.8
1096100010,328640.44
9513900050,247609.19
5452800645,663271.75
273800100,242275.7
7228500037,456447.84
808300090,447007.56
2493200215,534830.9
5035300255,697963.2
3380900160,367858.5
3630000130,420135.8
7300400670,296472.28
6798100070,349723.22
8078400010,537319.6
5566100060,496771.6
2768200212,509800.2
4035900060,578515.75
9460000110,350458.75
7199320190,568361.1
2225039081,513835.34
9512200050,564693.1
2634500085,318726.72
3654800200,286614.53
2724079090,1187473.1
2597520720,779002.0
3034200426,386659.4
984000130,300055.4
7852020670,445296.28
7923500060,657312.25
2310030510,293059.34
2205500540,503642.22
2493200015,381985.6
7853361420,578677.44
5652600605,505192.66
5285200020,313337.62
9406530150,366986.0
5706300020,483448.06
3278602490,401284.6
7197000100,526504.44
4447300008,495727.1
7899800045,250627.36
9250900095,347323.78
9268851740,584702.44
8682261440,489721.4
7284900385,911369.56
8079040300,435167.28
2225300585,396578.44
3223039013,471923.94
2013801350,246917.8
4055701110,845040.06
3578401770,446109.4
4046500720,523980.34
6145601745,346378.4
5207200195,682536.5
1972201856,556641.9
7212680080,248518.81
7277100510,626353.94
522079022,538409.6
5605000440,841716.7
6632300230,354392.78
8815400165,634396.94
6708200320,499100.34
2426059076,566318.06
3260200200,541835.56
2770601741,487854.94
4338800500,250544.67
9201000320,717394.25
7655900038,331685.8
3625059140,568319.94
4222310010,232138.98
2114700115,299793.12
3291800710,314661.53
9406590010,394260.03
3025059124,2386297.8
7972601250,405451.8
930000470,1061379.6
6690500060,476575.6
16000015,188473.86
5693501102,552177.3
8079040490,456177.6
7225000155,337214.8
8819900170,743486.25
7972601270,316010.0
1224069074,793780.3
5126900321,343465.3
3438501860,309363.6
2822069080,422880.94
1656600310,585599.8
3856900507,1191143.4
1626069139,485181.03
2524049257,1248048.1
3904960150,548017.6
7214820610,447445.2
7977201845,576883.3
2428100080,877106.06
2202500135,421852.2
1523550220,690616.94
2313900610,441790.1
4123840050,370584.97
2125059124,1002345.1
1225039067,483171.5
6431500283,465591.22
2473380010,312105.94
5694501195,436224.75
2881700046,364361.78
6837820330,322173.9
2337300370,197856.25
3876540630,222968.17
626059317,357474.56
3374500520,372935.53
7228501903,388610.2
4019300051,499810.06
4232902615,586400.6
3546000090,258874.8
8127700215,750103.94
3438501100,385662.88
1769600066,651932.1
8146100610,575938.94
3052700695,568396.9
7954310210,663283.1
3761700053,1876131.6
1320069179,360424.34
1331900410,769621.7
7303100210,334743.47
2464400285,477351.6
6163901150,363337.8
8955800045,332104.56
2314300200,415470.0
9528104360,407407.25
4177100005,618880.75
8856960260,310441.47
1828001220,641123.1
3066400710,709376.56
624110610,904114.25
4040800260,411899.22
5019500215,498597.97
2481630180,1040469.5
7203170190,693789.56
510001280,888372.4
9430110120,746305.06
1565950030,333487.1
9828202255,782376.9
3878900270,434842.88
8091600080,204533.66
1112000035,323216.88
2228900270,304880.9
6648701740,294313.56
1245003740,633301.0
2174503441,547227.5
7708250010,319505.2
6072300110,577481.1
2329800140,261030.12
1494300040,517490.22
3832050130,296712.4
7203100730,914756.9
7199330170,455402.56
7785000220,661791.3
1250201175,423510.12
4054500180,1099663.6
7905200061,425667.94
3751604895,201397.98
5220300140,289341.94
3323059027,325520.84
8651611980,899344.1
8673400190,523007.84
1668500100,805073.44
1023059365,576469.75
3308030060,340786.6
4232400860,980949.25
2144800615,247069.25
1568100920,1442390.8
9406510040,509183.1
2923049421,319873.78
1051000040,1516456.9
2077700042,656423.3
9423800030,261605.06
9818700455,682750.7
7133300675,372578.97
4113800550,658805.9
5553300375,1515398.6
2025701530,289962.1
7942601155,459646.28
7524300020,269343.88
2520069100,309117.94
5412300410,216092.27
7504110760,764984.5
2594200350,397527.38
2722059013,229573.45
8078430480,561100.2
1423069162,505947.7
8856001090,169973.66
7000100631,784751.7
4222200280,226210.9
7971300050,613132.4
2009001600,245068.94
6619910140,666477.0
2877100985,501613.66
1196000007,327967.6
1330850130,728419.94
6664900410,273151.12
1231001110,280126.25
9235900030,310435.53
9407101840,309460.1
9523103001,380587.47
2149800278,381490.84
7234601198,593300.5
9476700035,390062.34
9297301065,704987.44
518500700,805938.44
7843500090,324477.88
6056110780,305468.8
2345700260,346339.44
3509600070,229590.75
1431700280,364350.34
1623049174,271629.38
3024089049,343392.94
7853340450,399775.78
7732410360,796156.3
1446800995,322549.28
2946000285,220395.73
425079100,546981.2
3876313040,408937.47
1762600260,988301.7
1925069121,905108.1
7443000480,857150.75
7820000015,347184.72
4027701253,500424.84
2826049165,366440.44
5426300060,746099.4
1278000210,164534.31
923000270,368555.56
7657600005,263431.4
3024079057,387284.56
3276180020,297317.2
7304300760,305491.53
3908100020,537663.56
8835400805,740171.75
4051150070,206042.33
3904930530,470274.62
6163900971,399001.8
7942600310,417109.25
4365700330,243358.28
423059207,264397.16
3992700265,317635.53
7177300090,432221.2
2540820010,606021.0
5700002510,1087331.1
5201000030,593590.25
7631800015,1683440.0
2922702965,686260.75
1525059198,888239.4
1245003160,687744.75
3810000455,306193.6
7855600080,649252.4
5701500030,1141136.9
7504020400,658007.8
1402600570,313169.44
7575610760,267547.97
8731990370,375202.97
5021900090,773435.25
290000075,441139.2
2841500010,516055.1
3955900830,426616.5
7852110140,581217.2
1311400350,250645.77
7773800015,578285.2
4123400320,498313.22
2725069157,889359.9
666000143,759006.75
5101408678,492692.78
6371000026,376579.2
2024059084,649868.75
7283900036,330210.62
8881900230,737345.2
3959400135,422008.3
7696610270,240709.16
1689400150,837886.75
5103900015,406713.53
1441000350,429659.56
5101408735,331622.25
3126059027,1896529.8
2320069014,468112.97
9541600015,672550.3
8682320420,700979.7
1562200090,597425.44
3395070980,592061.5
7349600230,248902.83
522049122,250354.06
869700060,285861.12
811000055,1267511.0
1221059176,410417.44
1523059103,453606.78
2025760210,724966.56
9218400088,332393.88
8682292020,433097.6
2623089135,434375.34
3758900259,1305412.4
524069049,561774.9
3121500150,794339.2
5581400080,786391.7
8087800020,452062.03
4070700290,695240.1
3296000170,631798.9
9238500040,529045.25
2744600040,355084.94
6813600380,641438.06
6140100150,512228.12
2201500555,449432.97
2600110250,632645.44
4337000275,179848.45
1186000150,538385.5
1972201963,512688.97
1105000745,389513.7
2887700560,576770.56
4039700080,704744.06
522049104,299449.38
4202400078,246475.02
7520000695,207172.53
7714000310,394290.12
4319200060,721813.1
8624700015,703336.75
5104520610,307420.16
2354300845,288257.62
3824100291,457516.0
6151800612,262639.97
5454200080,940342.6
6413600290,334272.28
2131200065,307943.03
1459920010,280883.03
50300090,400402.28
2326300090,598035.94
7714000070,395071.12
3630180500,971199.56
1727850340,1053359.9
8691430330,1014735.1
2310030390,247586.77
5561400610,530890.5
7010701016,497037.44
7883605915,244360.62
1282300995,347712.88
4040700310,491988.47
3353400435,242486.28
2143701015,537583.56
255450020,372778.38
1020069017,322454.25
4038200120,500500.25
9284801100,278814.7
1965200075,628670.5
847100047,556984.4
4038700720,533877.44
6815100085,826688.2
2508000020,310210.3
255520180,671801.0
6822100750,600235.75
869700050,318008.34
1775801405,570992.8
6600400090,228865.4
7202330270,446041.78
1683400165,900887.56
2625069070,1120253.8
7625702440,429373.66
3388000640,226114.06
1899400365,263046.8
6899990200,928278.25
5569700020,835167.2
986000045,320165.25
3293700221,323571.84
3764800250,348396.34
2291400566,353784.25
4219401236,1580132.4
4239400840,185920.45
7211400990,196690.56
7696500280,198632.53
7215721070,498949.97
3204850140,360786.8
4322200220,681397.7
2566300100,1185468.1
1944900090,419853.03
6648500390,282617.5
7385300020,720336.7
1704900135,364795.38
2877100655,720109.3
2726079098,620574.6
7625703800,457280.88
318300040,556058.75
7922800190,538962.94
2023049361,240366.9
8946400210,474684.56
6071600450,528263.25
4343800100,395835.6
1443300140,371161.47
1024039001,792010.1
2767704860,592111.8
7234600851,685719.06
644200065,860428.44
7784400035,654910.1
3826000560,213961.84
9272202260,469725.56
263000253,462245.6
3621059043,607473.94
240000130,552883.4
1352300120,198035.39
7849200861,304403.88
2487700130,464645.97
1796100140,266902.44
7234601221,538962.4
8651710190,454899.47
2916200091,575397.06
1232000915,534626.94
1545801970,268562.34
3211200420,331331.72
7686204675,195181.48
3141600210,194570.23
3959401284,532063.4
2113700825,264839.28
3876000710,389734.03
522069022,489432.84
3214200070,345779.38
1221039156,307098.72
259600790,439914.12
785000040,500262.62
8138870470,493489.38
2596300035,322470.53
540100057,1280836.2
3073500045,513055.3
5363200266,412393.7
8682261650,510326.03
3224510080,874827.94
3211270160,452834.8
9269200520,203688.86
293810190,481944.62
4197400043,317081.97
3026079031,353713.4
5332200405,950406.0
2473411210,316719.3
9268200315,539835.9
8123500050,599126.25
3221069091,485604.12
2485000165,600709.4
4058800215,562417.06
1926059039,838665.44
2533300680,893629.56
3343903640,327269.6
5700003705,1496086.2
2023049372,385120.0
4058800830,601101.3
3333002302,445824.47
2944500340,288626.22
1982200790,523497.88
8929000270,488496.5
8122101440,290336.47
7525530470,780090.4
9332800020,674600.8
3878900525,244215.48
5420300210,262318.56
9232900165,325826.16
6414100026,399592.06
3013300660,776421.7
7954300120,591624.1
1081200360,334030.1
2877102345,514736.34
2202500255,488761.66
7984400050,214180.1
9558020380,457876.12
7812801850,193120.88
8944460020,354437.72
2306400040,581086.4
8649400410,368816.44
7889602020,239735.28
2041000025,423590.5
871001484,596175.0
2767602141,563147.5
3630180470,784082.94
2769602140,453587.3
2473250280,321380.66
5422560660,529378.3
3756600240,365230.16
8651600160,752043.6
7202300540,884310.75
8961950250,471342.8
3303000130,462296.28
798000062,292703.78
1695900150,843505.44
1604730150,538131.94
4136930310,360119.25
8835401250,1575482.8
8665900328,435700.47
9262800255,287648.53
1853080570,836886.94
5556300114,783736.8
9517200290,409898.75
4037200295,503005.75
7417100123,379985.8
2620069077,196903.77
7922720040,641600.8
558100090,572695.4
257000037,288793.34
3319500385,436912.56
9297301520,306573.75
3580900090,362860.28
1321039076,172799.44
7227801581,298515.84
9407001620,288955.62
2130400150,318847.1
2312400200,246538.97
4046700210,409146.16
1193000480,984253.44
1492800296,565659.56
3013300017,395910.72
3630240140,590409.44
1049010390,342995.6
9320900420,165465.7
4315700060,360966.8
2591010290,338726.8
323089085,718336.94
6600400270,203020.94
2919701105,465960.34
7202360670,917548.4
8927600100,829150.06
3211700045,612731.44
4027701326,470180.9
1601600195,277539.2
7853280350,881581.7
3629970130,717097.4
7203120020,865962.8
9542900190,349133.72
8035350120,503856.0
1238501184,987446.25
251200240,471261.0
8945300200,192104.34
2162000160,1137085.9
5466310060,205764.27
1239400064,796880.25
5205000020,316916.6
1720800305,687402.5
7280300375,546011.3
2095800400,455684.5
7852010950,554969.0
1428001160,555498.0
9528104910,675924.8
8644210470,883373.5
7923300310,472429.16
254000100,623144.3
1931300688,478502.47
7007700030,446483.53
422049178,228705.27
422069067,436938.8
2923049393,363440.06
930000305,451868.5
2461900448,481951.97
2610100020,281829.97
2895550050,240356.6
7701700040,280976.28
2460900020,494674.9
9827700105,582551.8
1005000240,295306.03
7200001254,509085.03
866400040,544831.06
305000170,683865.0
2260800110,849141.5
3442000127,733883.8
5253300437,435084.28
7576700150,983288.94
5469501410,473084.72
5104531120,661138.44
723049434,319490.88
622069006,1017243.7
2517101200,318761.38
8159620160,236151.12
5561300640,421432.38
3317010130,212229.97
4364200250,372140.78
8732300060,686607.75
5603700025,787286.1
3585900190,1060910.0
3996900575,256942.05
8731801260,230395.73
3810000860,341207.72
5700003585,2268077.0
6332000050,467042.75
9286100250,397621.78
9471201110,1008995.4
9290800050,545189.7
7300200400,664635.6
526069024,905883.56
1454600156,925324.4
3904980360,506238.25
2626119062,277063.16
8651730290,441007.53
7611200195,707308.75
1919800260,591879.75
6632900354,287625.47
3972900195,326024.16
5151600170,288094.1
7016000440,438497.97
871000435,751193.5
9578060540,523478.9
2332700060,880982.44
766000240,267793.8
4363700200,262016.8
7100000250,324628.94
2781250560,223240.1
2781250100,342429.2
5419800220,258871.1
7147600245,265308.22
2926069083,881056.4
6189200125,763019.44
9542830160,304972.22
5152200020,269393.22
9412900045,462841.97
6600410480,180544.45
6979970080,567439.3
5636010280,277547.38
1732801300,770375.06
5561401530,510480.8
9578500510,347344.34
7304300906,299879.5
1223089077,616869.06
721049207,273044.6
8691330310,861561.56
1523069204,438388.0
3188100105,622572.9
6608500290,409865.53
2891400410,350801.5
7663700551,307746.06
5413200140,253664.4
425069139,584374.1
6713700155,365042.8
2767603505,493446.1
7789000080,246460.92
9211500620,235738.45
3750604417,200872.4
7922800320,555331.6
1471620240,344698.78
2222059052,350814.22
9551200270,998745.9
2767603160,550743.7
9406710060,373615.12
8929000250,387652.62
5538300120,390665.8
2223069120,458979.16
1652500060,1750814.5
8564500240,424352.28
3629700120,609479.44
3943600070,417978.12
4171200025,295537.88
2425049063,3889004.8
9828701650,393838.75
3581000340,361694.25
8100900015,404569.62
2125059161,1120645.9
304000380,214598.61
8146200070,1477296.1
686530170,563069.6
2917200645,457564.0
9547200530,826655.9
2122059199,381403.2
1150000740,679306.5
5706200060,289306.62
9265410010,242248.89
4083800555,493812.8
6152900332,331713.66
2520900301,224492.47
9828200790,492651.44
1657530180,294902.44
7471900045,270399.88
9828200460,418475.5
1775900140,454352.75
6139800430,447370.5
7214400005,526334.75
5332200026,498212.97
9510970300,810676.94
2540830020,397359.84
3392100140,189264.78
1326069191,350726.56
2125059112,969909.25
859000022,353019.88
8854100350,636917.56
121059007,238561.17
7977201707,503283.56
3859900060,2675071.8
8815400735,755663.44
705700530,341632.62
6600780130,358928.47
6378500105,427889.0
8143000310,458924.44
2877102330,656350.1
3526039074,583622.25
2115510300,257544.56
3024059014,1771222.8
2141330360,579696.56
546000400,484012.72
2071500011,431263.88
7972000240,225777.69
7016200460,437884.9
6204200180,423148.0
1552100135,1169677.5
88000173,416395.44
2581900235,785788.94
9211500560,228391.83
621069218,416183.44
1321970240,292719.7
798000630,312495.5
421000285,263150.7
2824600180,915568.56
3832051140,328075.5
1237500105,692453.7
8802400906,257991.97
3166900270,405477.72
3682000060,388056.16
5469700020,308178.38
1245001820,604219.3
9547205660,599361.1
7974700122,695006.75
7550801225,561749.7
1099950050,789810.7
1402900460,332050.1
7636800041,1074113.1
2115720270,253229.33
8651441750,187414.2
3904100035,254292.47
8815400020,603709.0
3303860590,474467.75
5427110040,922740.6
1782000160,327876.6
6204420290,467654.25
3995700245,297881.12
7955040130,471303.25
1442880650,531092.06
8833510230,942030.1
7283900551,443466.34
4396000180,260971.64
7504021310,688389.1
322059264,269636.38
3654800040,282575.2
2767704777,497325.72
3278602190,355188.9
3236500220,507852.84
3410600100,298845.72
629410180,746958.0
3352402250,180805.16
4363700304,325690.7
7237550130,1191387.8
9808590210,1387234.1
8074200175,256947.19
3463400330,427521.47
6306400140,772200.0
8564950250,536951.3
5381000070,221455.92
9826700697,525778.9
8132700190,475418.94
7943000020,172003.98
9547204675,597928.2
4112100101,530223.6
727500030,578680.2
114101426,352874.78
9274202005,773371.8
1193000380,883064.4
3039000020,453595.1
7852170130,665784.56
2624079010,519714.8
4137010540,291520.38
7576200012,785680.25
1138020020,326719.8
3969300030,199301.97
898000200,209543.47
5153100030,299266.1
5104532030,480085.84
4406000050,224571.27
9274203390,606757.1
8682290360,446246.0
6928600330,263633.97
4139680070,868543.3
6844702690,421475.78
2154970020,2087468.5
4385701285,1096224.0
2426059071,548157.75
2867300160,535317.7
9512500720,529046.75
1773101020,299024.75
8687800100,295783.47
3627800050,1539877.9
1604600227,280525.12
3300701170,434623.53
9250900111,482405.84
7015200790,620981.94
1311100490,249810.53
2469000010,863201.5
1982201596,585607.6
1862700290,323424.7
2586800270,225909.94
9528102772,455089.1
5490210200,441820.4
6669080020,424912.34
179003055,235064.73
1860600535,878766.4
1592000130,633642.3
3905040170,546145.6
9320500080,261100.34
9276200850,459916.38
224069114,665148.0
2260000340,555258.06
5096300130,379870.6
3432500215,354805.0
2600000050,718042.44
8856003839,232445.14
2492200435,408497.4
7855900110,1128465.1
6806100250,327820.3
2770603523,513372.97
1370800515,1937402.2
2726049150,474212.2
1226059161,521471.34
1068000375,2752121.0
9528104109,460287.16
5126310060,491827.1
1951820070,572081.8
1545805980,369222.9
9464700340,930262.56
4319200675,856994.6
7518500885,567205.06
7852020620,480810.7
869700370,334958.38
8643000190,256572.06
8902000267,529123.44
7972602435,238358.1
2050100210,865251.25
6705120540,466848.16
2767601390,614460.56
4141000490,1172168.9
9345400350,759320.94
3222079162,330502.38
7789000120,238956.47
6646200770,695364.1
6666800180,748636.06
1725800280,484946.5
6117500460,891965.0
5470100220,229447.39
5457300478,457928.97
7550800195,576909.2
7787050180,589519.4
6204430250,503700.84
7640400250,505552.2
624110920,808520.44
3629920140,341342.78
7173700518,645373.06
3210200395,230871.48
2473480560,399488.78
2623089141,464018.47
1423800080,220995.78
2076400050,291682.22
3832060120,311971.12
7702600930,414471.16
5101404555,414547.03
3723800415,383122.78
3356403400,229133.81
9214400125,535575.56
1797500530,548749.3
9551201660,1190216.9
3878900815,364503.25
1760650280,327501.88
5466410030,233622.56
6388930620,610756.0
2331300395,771020.44
9412700160,298627.75
871001611,563398.94
3142600120,581106.9
3995700220,343002.47
2310000280,275188.22
8039900400,399329.97
7504021510,741084.3
1959700445,1596409.1
1556200155,635903.4
3629960590,367803.44
259000240,489048.4
662440020,401197.34
3123049142,508964.62
321100260,728237.94
6840701095,505108.34
3738900165,406465.0
4427100130,417283.12
9238500100,468014.75
6145601810,361919.22
2570300090,368921.62
4017600010,480353.28
1005000220,382612.34
1257202120,477412.16
9527000490,496806.2
8691400080,723367.75
1726069084,426473.72
248000240,211609.52
6113400046,343138.56
2130702350,359600.0
920069052,227127.45
6071300160,573088.75
1623049041,149959.33
9268200285,359651.1
1843100520,370672.25
2887700826,587961.3
9122000385,558529.06
9475700220,361784.62
2804600005,829122.4
2896400300,373158.97
5015000180,742865.4
3630220180,803268.9
8832900780,562584.44
1568100300,418614.0
8718500610,410082.9
4147200140,1235822.9
1973700030,1090244.8
8862000075,157360.8
9320990110,266949.03
1151100035,392923.75
2011000010,236117.8
1651500060,1074266.8
446000190,696832.56
2344300220,877142.06
523049195,213610.77
9191200015,641159.8
7942601410,762028.3
7137800300,202545.02
7853300280,515326.72
6654700240,320137.78
569000050,593584.06
3584000180,233134.03
2026079055,340705.34
8898700880,271035.0
5075400150,636412.4
8731981360,357422.4
4222500020,225256.8
7996720050,546524.94
4077800094,636828.9
6446200365,603196.8
2824089053,489285.84
1311800220,225612.39
3522049063,658055.5
1721801280,182373.27
6131600240,202447.3
7202310040,610313.5
1123059125,544499.1
646910160,231825.05
5630500005,342843.84
3342100785,295537.88
9547205610,631712.75
1773100123,291685.56
3353400092,291880.62
217500015,386901.0
3649100031,405311.1
7896300150,303098.84
623049185,255172.12
1773100430,324148.2
1781500220,901370.5
3395380200,243136.73
2424059170,1947919.8
4389200765,1564648.1
1543000060,495370.3
6154900005,627430.06
2902200240,468402.34
1442880640,538850.4
8562770490,501272.7
2768300655,564957.6
3432501315,324172.6
5035300570,773080.56
3626039028,448224.62
3876540780,239442.36
327000100,919328.2
7551300065,485206.5
1312920060,244251.6
2215901230,262794.56
6306800010,456759.2
2767700022,515390.62
5589900610,517588.44
4320200020,661074.1
5249804655,641338.4
9238500480,496920.84
3885806565,1057129.8
7905200205,473632.3
5727500102,330670.4
3585220070,389941.84
2078500210,576674.3
1839920050,384342.16
534000080,337116.75
856000255,540010.44
4141010110,1645522.4
9558040820,635759.06
7768700315,987482.06
2796100640,288213.1
1922059010,223376.61
3448000542,278225.56
3883100220,285876.66
7237301210,280667.22
3893100456,951357.25
9578501110,345078.34
6145601995,423638.2
4024100120,320427.66
8899000050,351388.47
3396820010,572477.5
6749700117,354280.9
1954400060,515528.25
3303970100,732569.9
2540850070,450427.16
3797000745,489792.84
7883603700,244424.72
3438501452,396814.16
3530210260,701284.56
3598600049,197374.53
731500170,344620.25
7129304375,183599.89
263000006,418905.53
7212660560,312865.56
1112700010,401475.22
3420069060,727572.9
2473000470,419783.75
8691390980,722825.75
6184700100,466036.34
4476400275,334258.25
2968801240,271275.75
1529300160,435067.7
7640400070,626466.25
7016100380,444178.7
2172000890,469825.9
4035900015,719300.1
9528104660,944409.4
507100005,370131.1
2783100160,406525.47
3629921140,877654.94
1099750610,241906.75
1330300451,1043649.6
2757000030,815740.4
2114700190,344358.72
2050000020,955549.94
3832500790,272858.72
2612000390,344807.94
1483300430,472371.06
8899200720,295778.7
9183700470,300252.94
3530490031,225482.03
7857001225,350047.56
7920100083,392162.7
2254501620,429476.44
3303000130,462296.28
3876200070,396666.6
369000365,340400.7
3052700385,630118.9
7856550240,771828.2
7300410110,376937.4
7201800300,415215.72
1695900060,502486.47
9429500146,900529.3
3629910240,644112.6
8805400090,232579.52
1022069050,270301.12
1138010530,375650.16
7877400266,175238.48
7974200452,1013910.94
2126049265,457170.12
9547204350,698648.44
5560000680,178146.36
3793500550,303634.1
4217401195,1031318.6
1826049408,385733.84
3905100210,487043.75
7695370160,510184.9
3210400060,229523.11
6146600170,145730.42
2767601750,455552.0
1773100926,367123.22
5700002125,505263.47
1951100100,186859.89
1402200340,326470.94
8044200200,376773.88
66000070,309285.44
5083100065,191888.83
4027701284,392633.06
5693501100,552092.5
3600072,536962.56
8078550250,305480.2
1922059046,276103.03
2902200016,627775.44
9183700845,155815.94
3333001997,310418.66
1432400525,245533.06
2824059128,502176.53
6453550090,903489.4
6202600070,1252605.5
7524100280,211594.17
3524039224,968147.9
5739601300,527208.9
2473000410,396068.94
421059018,289255.03
4232901120,675651.56
5559600140,229505.6
3797310150,282331.94
7986400265,820768.1
3025300095,2369256.8
7524950830,562369.3
9407100730,262540.3
3812400854,393284.4
6002400030,344409.62
2212200090,254411.56
7202330610,523371.56
7300400170,332295.3
8965000110,485420.3
3996900125,325383.34
2221000100,291050.9
1524079088,324805.75
1133000036,370439.03
1868901190,655982.1
4037200530,484119.38
2095500120,342778.78
1995200338,779523.7
8820902350,727345.4
7459810210,368765.1
9536600010,405129.06
8085400586,1892498.9
7518503065,368090.84
8682320350,597096.75
3179100790,786677.44
9828702666,499596.56
6713700250,526216.8
2141330700,640762.5
7519001990,392311.56
3223069019,363637.66
7994700030,372202.2
2592300450,293944.97
2792000010,385712.53
173000025,317977.72
7203150330,656420.2
3305100210,843656.7
2581300055,886582.3
6613000750,1571659.0
7015200685,675331.4
1323089184,456999.7
3793500510,382542.66
2225079030,349088.44
3578400710,428241.28
8100000090,263882.25
2095500040,317735.5
8682281710,651699.6
6163901380,297064.06
6918720080,636941.8
6914700130,493645.2
1205000215,522620.44
3800008,289903.2
6150200180,307880.22
1223089066,814659.75
7768800290,801729.06
9285800330,898240.94
1974300020,502390.66
7628700050,812702.7
9376301800,668535.7
8651430220,176418.47
629810350,848572.44
5016002180,837778.94
9558010230,361516.66
8732000390,223499.77
7899800586,336519.28
5249802460,432057.56
1446300020,576008.1
7785380150,478745.3
1245500950,629754.2
3362400640,625750.3
7578200310,714017.7
4137020910,282680.03
11520640,755996.44
7972601995,248058.97
8122100160,424580.6
9456200450,306694.8
1328320760,336839.1
4025300285,347182.06
2721600125,982928.0
1123049027,215483.73
3542300060,236302.97
291310340,540739.1
8651720420,426638.06
3298200790,391803.44
4037200585,459699.3
1329000090,1458390.1
9279700013,1303707.9
4151800265,416476.44
7760400210,240701.6
5029450110,219798.34
9492500160,865711.8
3578400270,439772.75
7606200090,300883.84
3682000050,368280.44
1250200415,354953.9
629811600,684087.44
1839500115,317763.1
1176001293,1688640.0
3013300409,354961.7
7853280370,875338.7
3275780030,590859.5
3336001946,272326.06
5456000110,709648.56
2473250400,298987.97
5393601635,489179.47
8820902905,336244.38
1245001659,666271.06
1523069215,416893.7
930000234,469942.88
4083301645,667666.0
4055700778,607538.25
2781230080,418013.2
3629910210,650153.25
7856700060,643928.94
7589700055,462276.44
3888100043,377927.25
6381501636,374950.1
3303951150,379200.25
8638500170,375812.12
5635100050,399093.16
8820901792,911235.75
5456000025,1198161.6
985001275,158141.14
9560500105,676278.2
1421069117,231334.55
4154300296,275361.22
795000620,135339.47
9828702335,506151.84
1250202145,1033949.0
1163400070,256016.23
5652600065,641573.3
1042700050,809932.75
8899210320,367240.53
1651800030,1725687.1
2919201365,793131.8
4365200895,296246.2
6841700100,904819.0
7376300060,430232.38
7852090180,553176.6
9222400565,553747.2
9542400075,861165.6
7338000150,180010.28
4322500110,542455.5
7694200070,437494.22
9321010130,259533.83
3204300455,1234016.2
6706000040,265663.94
1565930130,432387.34
3279000420,198382.27
194000575,465071.1
2115510160,248239.06
7522500005,624639.5
3787000140,475316.94
7852110690,654910.1
5469700260,375713.22
8691410730,708517.9
114100763,314825.72
1257202430,854644.06
7000100635,454345.8
1900000195,189955.72
251500330,1939476.4
7701960210,797286.94
4037000065,426105.78
522059299,245676.19
6072300800,689130.75
6821102358,524225.78
5029450200,229763.58
8860310240,620870.0
826000295,382993.84
9417400110,395684.25
3959400345,836428.94
8899000430,336536.3
7527200030,697123.0
8562720410,1314102.2
1432400335,231853.14
6699940320,366187.16
2525059172,683842.2
7548301044,369857.97
2141300420,822594.75
5100401414,413609.16
7346600092,246265.2
6852700478,490878.7
87000213,239417.92
5416500260,306750.1
322059097,287591.2
7229900005,340577.34
7116000350,162797.88
3739500096,359511.53
6744700900,704904.06
1959700550,1000636.44
5589300435,373877.8
1775920350,316596.4
3750607974,286476.8
5318100935,853083.06
1442700430,498588.94
9346700030,687684.44
1841500050,341667.5
7278100665,365269.5
8635750980,640042.44
6909700340,634635.94
7011201475,754632.9
9348500220,569027.1
3876313170,403982.8
2195700050,887558.56
3760100200,450380.78
3396800120,518077.84
3750603685,256291.31
9828702310,581604.75
8656300380,391488.2
1438000170,562026.2
2423069164,481913.34
2112700845,274464.84
7635801370,494597.53
8572900135,400230.5
7504010590,800683.8
6821100125,414281.84
4310702775,291155.28
2591010180,429122.72
9828700235,623405.25
9376301180,522370.78
1646502355,997426.6
1498301672,514473.28
7715600070,353380.28
7283900045,482129.4
522069119,491376.56
5200100125,618188.25
826069184,494202.44
3271300155,770231.8
4444800045,600205.44
8682291050,748359.8
2770605420,514461.0
1556200205,527914.75
269000970,1285656.8
9264900880,275104.25
2323059074,220565.83
1224059053,992580.56
3755500065,426814.25
2571900430,376209.44
3705000070,301603.5
824069173,590686.56
1735800050,148858.19
3025059089,860754.25
6132600655,880717.9
1068000255,1704132.0
3052700921,604048.2
3024089057,318690.53
7390400026,288586.6
1787600224,423710.1
2923049372,310158.25
7015201015,1052708.1
7701990040,898375.44
1925059194,1139481.8
301401370,332090.0
1931300955,462068.4
2395710070,362817.03
2591820070,396976.9
7883604065,242987.92
808300200,446587.44
1421069159,491583.25
8562780540,315838.84
2787720300,369975.47
2349300069,314064.9
739000035,180234.11
2397101460,633153.6
7625702437,373862.84
5101406441,461208.6
3323500010,1153953.1
225039082,774051.4
8078100260,355676.7
4139480200,1378102.8
7436300160,512896.8
822039004,568278.75
8651442910,243951.52
1370803510,708610.5
3342100569,662812.7
1310430400,522095.88
104540820,241026.84
4305500030,590567.1
993000090,791041.6
8044050040,440998.28
5707500050,763904.8
6306800080,373929.5
9206700190,686920.1
8732040090,307749.0
3037200045,454803.2
438000025,587069.3
239000115,314965.06
8929000230,472439.53
7135520610,1121425.2
5561300340,527135.5
9530100085,682168.2
6613000140,1480019.1
8835210130,347472.56
3782400190,352134.53
379000051,278384.53
3869900150,313041.34
4322200050,454204.6
8961980290,720625.25
2558670110,442149.62
1124000010,407340.44
3869900138,461775.9
7853300720,476922.5
251300110,272280.88
3904100041,292907.06
7701990300,827608.75
8682231190,527373.8
7888200240,218391.72
2025700730,308501.25
3066410800,740466.9
7576200040,748135.0
2526069095,1066431.4
2781270530,198192.02
3763300005,469155.62
1523049083,199706.1
923049468,200243.7
3303700221,669931.5
1502400140,212367.64
2880100160,1070986.1
4083304535,846315.94
8820902549,618974.0
4139400060,838401.56
1222069094,334367.62
9367200205,607476.25
2734100736,333033.22
3856904580,661680.25
3812400789,374044.72
3303980090,973343.3
1314300018,296310.3
9522400350,538698.8
7524350080,336347.62
9406520260,329901.22
3278602040,374765.97
7696620100,232894.25
3751600635,242024.9
6365900065,381863.22
8732800100,280927.5
3876540410,237726.08
7349660050,257107.98
1036700220,703486.4
5417600200,349345.88
8732020310,279230.34
6844703240,872643.2
923059206,347557.06
4038700220,590240.0
2597520900,749258.9
7203230040,989834.5
8820903560,297933.1
424069112,722062.4
6056100102,549983.1
1823069155,458491.34
9412400220,2960105.8
6851700381,1031461.25
13001215,280920.0
3630180340,795216.1
6746701090,539284.75
3832050760,279614.34
369000690,471158.1
6071900130,581640.25
7266200085,582895.8
1473120390,447513.03
9523100458,547237.4
4345000510,263160.72
6600220090,455498.12
8079040320,400540.16
1357900060,489207.0
3996900295,320286.8
1442700250,522880.66
5021900175,604334.0
4365700130,316702.7
3876100320,558647.8
2124069103,414070.53
6700400140,261407.55
7852090810,552948.75
1454600038,886590.75
4137000250,315366.9
9826700726,511874.56
6716700325,467549.03
8562750300,594971.44
9315600050,1978059.2
2790410250,690482.6
7732410130,695466.25
1387301730,331192.1
1568100220,316834.1
3975400085,784001.44
339600110,463196.56
7888400500,240367.12
1842390130,676506.5
7595700025,369113.44
2158900140,750919.2
6151800070,378128.78
9294300515,756546.06
1250202660,762680.44
9106000005,1022322.25
5035300085,694404.5
8898700440,279370.72
723049197,194146.14
2019200220,234924.44
2926049408,660051.7
4233600190,941332.3
9268851860,431165.2
5458800620,647237.0
424069096,485204.62
8150100265,241187.58
2742100085,436936.3
8045600130,412108.66
8039900086,311169.44
4131500190,367319.0
1370802650,634764.25
821049149,244311.0
5104520460,364736.94
5466750140,251978.08
1703900155,282972.16
8658303065,355929.8
3298720030,431953.75
1839900080,353645.94
1561600025,815149.4
6064800410,334473.2
621069102,244017.14
7853360620,399142.62
9385200045,609473.6
7214770020,624969.06
5412300100,231716.53
2025701360,258136.94
7334602070,297758.97
8029200190,208330.98
2622049052,565647.7
3126049261,335774.28
4443800705,472860.1
2473420100,296236.56
7922710520,550619.7
3336001911,250031.95
3797000300,472060.75
5406500480,649989.6
6706600090,428436.56
1518000230,351842.84
1250202990,860527.75
6441800060,799953.4
2141500070,472813.2
9407101900,256497.92
5451300117,1824113.1
326069132,402672.72
7153400100,259717.55
3083000910,481182.72
3021059304,308148.97
2597530650,779763.8
3972900215,316694.84
2473420070,297595.47
6115400008,494870.72
8682220230,721709.2
642150080,560789.94
3775300030,335305.47
5418200340,680669.0
2424059119,1042831.8
7899800476,252776.2
8598200070,277957.94
2421059125,535720.1
9528102771,522141.66
7522500020,570099.4
7202340720,598720.2
3286800260,580312.2
1121059105,473151.03
7504030220,690687.44
4045100190,1761516.5
9406530090,365473.34
7138000260,264845.34
2600010390,692266.1
2917200365,424456.28
2191600780,197348.38
7784000180,491084.22
6149700194,325765.56
8082400136,772389.3
7202340930,591531.0
1972200556,591817.06
2767604170,503695.06
3271301175,561716.44
3223059303,510974.22
7598100735,1142527.5
3348401490,344770.12
1545803390,273600.84
2296700050,488698.25
3626500045,684742.75
1596600060,284855.56
3616600250,1300872.5
8078560140,287317.88
1796360350,247392.03
2770601763,524945.7
3223069118,661987.0
2473372040,379023.44
3575302759,411671.84
5706200170,436099.12
1774000030,445955.44
2224700136,340719.62
1250200418,358727.25
5416500840,365775.66
7335400345,150928.66
3776300010,934942.56
8857320130,533141.2
424069206,790597.44
3592500985,1018001.6
9828701295,357660.75
2621750340,299558.22
7334401000,248929.17
3286800110,609154.56
1722069097,452747.16
3574770030,497474.2
1336300610,1196554.9
7230900100,349025.88
6141100320,314170.06
2767602356,707837.1
476000017,472258.0
2558600100,458050.8
3500100015,279570.06
4074300150,406043.47
8907500070,3455605.8
4388000260,205731.5
2475900850,243944.08
7852010900,535351.4
318500300,694336.3
9200000050,170727.47
1026069106,441950.62
205000120,657765.6
2616800600,814034.56
921049141,683434.06
2023069059,701263.2
7229900145,432622.84
4376800010,549711.0
4389201095,2494152.0
826069127,474647.88
2310000250,278309.94
4058801225,339069.4
6600220550,474659.66
3585300194,1472662.6
2594200375,392094.62
1102000514,906649.3
1862400471,465709.78
6928000440,301640.6
9578060470,505452.88
8732020670,269326.16
1823069088,324925.34
8712100350,1129345.9
3420069055,345650.78
4229900140,251508.97
8682280490,418240.5
3830630310,263417.6
5100400251,348475.1
1737100830,595882.25
1630700276,362631.62
6326000205,417118.78
3426049284,2931174.0
3814900260,395687.25
7403200050,1754346.1
1725059252,746507.94
8899200570,331177.56
4137000700,271213.66
1115300270,723386.4
3904920380,585130.3
2695600195,369246.16
9542100135,779300.7
1552510160,392939.12
1823059241,695959.9
2193320450,610285.0
1122069006,526458.75
7853340330,385927.78
1954420380,494634.34
7299600530,278788.1
1760650670,261214.66
6819100080,561155.9
2767704649,481456.28
2424059035,837917.1
1566100400,362509.9
5255690060,477125.4
8860500130,415168.2
7349650120,299322.62
3291800670,473331.56
3764650010,492892.53
5416500950,422530.62
7973202712,201081.52
3291800120,239797.94
9211500620,235738.45
8643200020,391124.72
9197100101,201945.36
3531900060,338567.25
8842400071,447468.22
6844701680,473839.22
6413600285,441184.62
5196410260,919935.94
824069121,679422.5
3876313120,395092.25
269000030,1064082.6
1560930070,767469.75
4435000705,213848.83
9542400025,889080.9
2470200020,1557423.4
7519000580,529429.3
1226059101,487965.7
4449800063,398771.28
2815600305,674148.7
3821200050,258602.64
2644900110,376049.47
8058500005,425745.1
1099760230,240835.9
1954430180,533208.8
7853360480,473968.47
7229100040,328923.56
1432400120,220156.45
1898200080,349349.56
4054520100,839426.4
2568200140,779146.1
587550010,671209.25
4154303215,884320.9
6358900070,900635.0
3277801640,464848.06
6209000165,324379.8
6143000020,286125.12
2591780180,400948.34
5412400170,255421.19
5466350120,255584.94
2877104196,749556.2
3222059007,296022.22
7957600025,242638.95
2698200210,253065.4
3764500230,539004.56
414100630,378747.03
8029740060,319356.53
1426049054,405345.5
546001060,672987.94
3277801417,460237.56
3630120970,807407.8
2326059080,923161.4
3278612370,384760.97
4024700100,320381.8
7697870860,247404.55
8562900240,678145.94
4059400585,222851.69
5703000050,483537.06
7701990560,818388.94
1760650610,320246.2
5408100035,434796.4
1370800560,1240034.0
2880100240,522187.97
3630060150,502832.6
6071700020,559672.75
2473002500,412548.28
2768300650,520351.12
3523089019,726857.2
2787250190,510855.3
9477940440,407945.34
8732030440,300100.34
236500050,311796.22
993000100,775146.2
5466700360,247775.72
7203220300,886475.75
8682292180,422002.66
5209200010,477099.9
7853360990,391437.06
8663310010,441531.47
2313900165,482328.53
6114600030,570593.8
3303990030,790844.75
6679000960,345680.78
8161000230,563173.3
9510860060,697934.56
1223089083,764447.75
2721049059,283264.56
2523039278,251921.38
9826700707,473573.6
2159900120,491781.6
2767600635,594921.5
3812400455,399886.75
7852030960,420378.7
319500080,730818.4
1061500360,310126.3
1787600209,394425.12
7888700030,496918.0
3623500260,897150.25
4219400520,1389437.4
518500460,2109961.0
2500600297,247535.05
7283900010,322884.75
9225900055,310615.6
4036800925,396837.97
7967900150,369333.84
1782000130,425916.06
3163600015,141842.03
254000075,406207.28
1424059022,1044025.94
2768200090,708724.0
4319200505,485705.1
1592000780,663481.75
1687910100,562181.6
5200100115,597390.1
3751600176,214931.86
5608010650,906586.2
2051200506,283072.56
2781280310,300297.6
1023059190,257265.45
2787310130,284482.8
4358700100,434701.88
3121069036,546464.0
1959700225,635722.06
3205500230,393284.78
7974200937,498972.3
6819100111,887800.7
6146600175,163108.22
1525069095,779389.9
1231000510,459920.34
4122700040,982657.1
2426039314,289743.72
2013200390,269616.56
1854900330,658815.94
1923300135,598458.7
582000135,556916.4
587800130,276573.97
7840800135,231156.56
6116500366,354003.28
6392002635,607756.1
5361700020,342394.88
106000395,414324.53
7199330390,383053.75
2484700155,605155.8
4038300070,462561.78
9407101850,300090.9
293610040,667686.4
7202360760,833071.9
5608010750,1133067.8
7236500025,345738.8
9144300120,342625.8
1454100267,390456.88
1377800135,577596.8
7967700570,234984.05
1562100220,599043.44
2923039243,365878.22
868002080,791488.4
7137960460,271678.34
1023089096,296408.1
3262300818,1683102.9
8563050110,569494.0
7137300245,392364.7
4365200630,418179.06
4100500070,1829414.4
3821400200,247924.64
5379803386,258212.77
4237901075,564507.4
8118600155,345481.06
8946780080,855276.8
1428000970,425474.34
7011201004,671351.4
2799800180,359065.4
522059130,238621.02
4315701163,537493.4
3649100387,419127.3
2125410210,446140.9
3224900130,216235.95
6798100661,323108.06
3626039325,907701.4
8730000270,350420.3
6065301040,895727.7
1665400165,225424.2
2203500140,409643.56
4058800875,368640.25
5076700025,452582.25
7853420110,669967.3
7818700480,328407.66
8658303080,354762.38
3187600100,583601.6
4077800518,337940.16
2470100110,3419658.5
3451000206,313139.6
1843200350,201326.36
7904700126,386792.2
9430000070,276218.9
6003500749,620752.8
7701990700,794887.06
1310820150,343054.47
3975400190,630764.0
4100000050,650170.6
7202270700,568250.0
7370600020,658760.6
126059225,472176.03
106000015,408749.53
4458800060,868385.94
8944290090,253792.17
8682250330,609174.3
9834200390,438195.28
3275880100,703660.1
7227501190,238172.9
1796100010,621318.4
3831200210,317643.1
2521039066,268583.1
7701800050,457786.6
3904960910,666936.7
5647900670,252162.22
7234600796,555432.3
3021059244,220852.52
7787400030,1697412.1
2051200436,582394.06
8820901415,340814.84
3523069047,838311.2
9194101388,488633.0
7277100610,345823.25
9471200370,1861252.8
2767800140,677178.44
3629870110,510286.6
9136102057,612621.0
8648900060,520661.88
3678900110,411907.06
2767600150,466239.94
1972201511,572206.25
6055000430,513126.75
6624030050,371563.44
2215450150,338946.53
2767603824,459572.62
3585900460,734907.75
2922069134,402410.12
9267200062,371788.53
7228500425,552503.9
1089000190,817415.5
3359500960,465338.2
5152100160,435810.2
7230300060,351656.66
2423059067,449402.97
8016250060,263028.75
2524059267,1040121.3
1438000440,524105.3
3326069026,598709.3
9353300600,303595.88
8691410060,705197.9
6332940070,534224.75
1310980110,293781.03
7428000120,238738.25
3626079040,582778.5
2722049077,334114.22
984220290,306989.78
5347200160,256632.25
4154303655,539996.5
2953000250,264818.8
9523102447,658508.75
5104511840,394427.75
3448740250,430598.53
4219400290,1097491.8
5152100060,562365.56
3279000460,212069.53
1102001274,1069298.1
1251200155,1133069.9
2025700740,263982.44
3820350050,349581.5
1245000438,718027.4
7853230200,435073.1
3832200070,257942.28
2926049400,471918.97
1246700251,907883.2
6372000155,548709.5
7950300670,363545.44
7518504130,573508.1
9286100200,413250.38
3992700585,479741.66
7234600786,848333.7
5476800069,360283.1
1126059201,1377950.4
9527000090,508602.66
402000115,298382.66
8818400450,1123290.9
2475900840,245914.58
1437500015,171535.48
2848700095,427877.97
1529300135,357553.7
2597520090,786722.5
7812801125,200620.84
3343903647,398169.34
1951600250,178803.53
9542840590,262129.02
8081010040,1172854.2
3262301355,1086787.9
1861400068,490364.0
3295900490,455794.47
4345000440,242504.1
4219400465,1013778.5
3797700030,282722.34
3204300860,739636.9
1930301555,523997.34
8807300130,341854.25
4391600035,266445.2
5021900140,1560812.0
2946000590,250226.84
686400210,546423.9
3365900462,261155.62
8682262170,397234.44
7312400325,350709.84
3760100100,408687.94
3579000410,470144.16
1773100755,530375.4
7129300175,327212.16
6303400965,235831.77
1328320440,337343.5
3686900025,239757.45
1221039066,405721.4
7950304095,331888.97
3585900785,1089922.4
9455200329,522734.56
629410130,773419.0
1994200375,611288.0
6669200370,897420.7
7262200150,214103.1
7504010750,587677.06
5253300173,323176.2
3395040200,304338.25
322069109,405374.1
4054510270,991036.94
1710400005,585613.2
8644300170,674751.4
2450000290,1126234.2
6102400166,632413.2
1934800087,457791.4
3333000775,287266.62
5393600509,320230.6
621069039,345826.88
3343903611,613112.5
2954400020,1083092.0
7972000010,158437.78
7214810510,436397.44
5561300540,477414.44
2634500070,404225.6
6822100310,673952.6
9201000100,695173.1
1072100085,341948.8
6190701146,417439.94
3277800845,280920.28
112900020,342937.03
1324059048,624061.94
7979900126,393239.4
7199330370,401248.22
6381500720,452344.94
8078550190,283499.4
7853440140,847671.4
6300000396,352707.6
3374500250,374272.0
3343901188,262126.52
6979900010,792366.7
7199340320,563884.9
1112000125,338030.1
9269200150,337176.56
5104510210,288968.84
925059219,623950.06
100600320,202515.45
1789900080,270937.3
2123049142,313901.12
2459900040,542530.5
3902300450,600854.9
7250000065,317433.53
7823700005,313520.28
3750605247,221461.0
2771601730,512700.72
3298600440,395565.78
9141100005,605257.4
8682262190,411839.9
9407111250,239257.92
1336800010,1564706.4
2255500060,574458.94
7950302345,297159.0
8658303585,291705.3
9184700600,1090645.1
8068000440,303838.88
1310000130,316161.3
7853221330,742472.25
1222029077,294043.38
8562891100,348647.6
2517000260,371288.22
2225300149,360391.34
8651410330,181471.61
2413910050,570258.1
9407100720,284422.3
2112700920,327013.75
3761700251,920438.8
1036400100,642755.9
3585300365,620851.06
8562750060,863861.94
2719100042,533887.1
952007055,410118.9
925049318,587959.06
7203220260,1053410.1
9320990140,277318.0
8567450140,495311.72
5379800810,178721.02
7784000100,576308.2
3992700475,414701.66
7905380280,406231.72
943100683,422643.84
8029770470,572278.8
2818600060,1020598.06
1226039124,432500.75
726049184,303367.22
795001930,253270.88
339350150,723830.1
1332700270,328899.72
7548300170,602718.94
6141100330,445846.16
647100096,741838.1
6744700423,476924.3
2895800750,285993.1
4046600220,359638.75
8809200070,358608.9
293700110,839011.0
4178500440,261768.03
4358700164,264529.8
9197100263,247909.03
2426039313,289743.72
9468200163,638449.44
475000190,507346.0
7504180170,459219.53
4036800170,480349.62
2561330040,456095.8
4123400340,480040.97
524069115,793712.2
4047200850,341266.94
8651440230,250899.98
3905030140,544301.9
510000641,644827.4
8663370020,398799.8
2883200760,676066.6
1980200384,823210.06
9468200140,510121.66
1796370150,255959.61
9238900085,561209.94
9191201325,629792.06
2538400060,911982.56
3758900037,899775.6
2472920800,418449.16
321030150,334054.3
2571910100,302945.4
1423910670,284398.44
1118500030,841800.1
1939000010,686343.25
1776460190,471448.9
7504400290,647612.4
3448700070,399553.2
7518501025,571804.75
923059252,540829.4
1431700210,254067.03
8635760480,531159.94
9175600025,1126594.1
7922720250,544413.44
8944360390,494090.75
8948500065,224106.36
8669160310,263840.47
6117502745,480790.97
1789800020,372335.3
226039186,323507.97
6457000080,265236.12
9557300080,554960.0
8562790480,657346.1
6430500008,468944.5
1604590230,743550.06
9542850290,740746.56
7831800395,308855.97
3317500030,1220848.6
624101110,792585.1
3654200039,359819.22
7856000150,832053.2
4338800685,255315.5
3211230300,424962.6
3904910650,559031.56
3598600088,283928.0
3796000400,342220.88
7972601280,432566.75
1450300050,257678.95
7504050090,778139.94
9202650130,536819.2
2419600075,385534.53
1224049005,792805.9
7129303240,342702.62
1922059135,208462.95
7852020250,666916.3
4139910180,1673814.0
4222300040,274290.03
1024069027,974058.3
8944600620,521771.3
5040800060,806624.3
1036400200,630100.8
7899800915,212157.73
3325069025,508096.53
9408300310,593791.8
1773100604,385797.12
5451100490,918253.94
9536602080,190213.12
9828702055,431786.94
3362401758,500013.62
476000333,467673.44
4364700730,338483.0
5559200020,262106.77
7522600110,244758.75
104510440,241600.12
8820901275,581780.06
3298700125,260089.1
323089172,413587.88
5364200477,589699.3
2222900082,390545.88
6641800020,676520.7
9358001422,318805.75
3438501150,291515.62
2206500430,489152.4
9272201318,542284.8
585000095,612732.56
7708210050,518483.12
9407000840,284849.3
4027701265,472409.34
8644210050,798937.8
8656800020,410447.56
3329520170,216133.9
5104520720,322843.8
3806000005,154988.36
2330000015,705113.2
1447600410,279874.97
8641500252,370096.84
6084600420,276724.88
441000115,453013.66
2597490030,681480.25
650000030,672483.0
3585210200,398287.47
5416501030,415011.84
5406500170,616972.0
2916200065,424173.84
3330501975,473565.44
1774220070,591527.6
8731730710,225513.86
7861500150,392975.47
1402630190,382525.88
9117000230,285124.9
7133300380,639411.0
4232400470,756375.06
1773100972,333563.4
9413400165,241409.64
7658600025,436739.25
6909700040,930353.0
1402900380,298205.72
6625910100,480453.16
3204900010,623048.06
5162100820,307289.72
5560000480,163578.83
1704900303,548995.8
8084900170,1813240.0
2887700091,695791.3
4331400190,264840.78
3762900130,381781.66
52000067,553620.5
5430300120,813393.56
8956000460,642324.5
8856950310,250844.47
3364900156,350324.75
9310300211,313895.75
6448000020,1340818.2
123039570,400699.5
7600065,559651.94
3123039171,447515.6
8964800445,1616957.9
7857000732,377428.4
7525410090,578247.7
9541600350,771933.44
3186600515,801125.25
4123820450,314590.72
2505500030,1018735.8
1541700240,322695.75
6629300120,368292.72
7399800150,449616.88
9517200180,351837.78
1313300340,508976.28
7967650010,387638.56
8807810090,397907.03
8815400670,802519.25
2310030500,287937.8
2241700075,328604.06
2287400030,308965.88
2827100075,280352.9
1310700390,328430.8
5498100010,429217.7
723000114,1461967.5
6431000987,458051.25
3356407665,234312.27
7852110050,553999.2
8677900123,433200.03
1917300260,214205.22
3396800280,584189.1
8691420050,856851.6
9368700006,280645.8
339600290,393121.66
1592000250,623965.56
1471701780,343671.06
8928100205,595442.0
5029450100,222480.7
5493110080,2415917.0
7883603750,292264.44
1732800175,754452.25
1518000290,343812.03
8604900017,601021.6
5379805160,308037.34
1254200835,581478.9
3179100482,405617.72
3313600266,200361.19
976000879,634817.56
8819900220,614064.0
2130701535,282932.47
1176001124,575819.2
7893805650,368648.72
3885806840,783458.06
3625600190,1296053.0
8562790150,802798.7
7348200115,210859.72
955000453,433045.12
6817810310,399762.06
4040400340,474307.16
1644500050,722316.5
8029500100,332069.1
5244801230,718241.06
1115100119,377592.94
9542400010,853156.25
423059387,591767.44
4023500990,279962.8
7899800857,278184.97
2976800796,211219.38
1074100020,328082.72
446000010,544799.9
7942601200,446880.12
3575305495,776784.56
8691310040,781095.4
6117500430,724462.0
3924500130,559326.5
2028701075,484034.4
4330600360,229257.31
1324079082,470193.03
9268200484,791554.06
9828701605,591769.7
7518506715,1078257.4
5315100277,1318250.6
3942900115,390054.9
1561930020,450838.0
9510970090,620828.56
6163900821,346138.34
9510300220,561127.5
3869900146,298325.2
9262800208,691554.1
2522029039,504093.94
6865200095,654292.75
3782760040,497650.72
4237901250,602057.7
2891000610,229238.72
2749600095,542818.75
5422810010,353810.56
3629980350,739908.5
2459500070,279531.7
5113400364,630655.1
7533800885,720713.94
629410190,734856.56
8651431100,174812.67
7960100050,511887.25
1842200040,419238.84
425200205,245313.77
9477201470,370540.06
7905200365,507871.25
6381500635,317598.88
6052400175,366172.5
1236300268,467050.34
6072800265,1900139.6
3423049311,238667.0
3755100540,365129.5
7852150120,347209.53
4180300050,367063.03
7625701935,326951.72
7132300550,392137.62
3025059093,3315069.5
8161000220,446250.7
7852011020,584173.5
2599200160,381032.72
5536500020,561280.56
2095600150,271994.1
8910500226,392230.0
1681400010,782514.2
1424069110,732212.94
5127001620,298425.06
7940710070,403523.44
2413300980,291047.0
7853400250,608033.8
9542801310,277714.72
1890000169,508992.28
2720000120,296895.28
9424400105,466615.38
7888780090,296139.12
3501100280,359619.22
3905100220,490922.7
723000150,986841.9
8691310980,714520.4
2297400250,460559.4
2892600056,243316.97
5273200080,544952.7
5145100460,425798.7
5561401260,579046.75
7732650040,914123.75
7504101280,932027.9
8581400345,265176.94
7129302800,382274.97
9551201560,567965.06
1546600020,668464.94
2648000071,261057.52
3339900640,233765.88
7853301240,473161.88
943100262,296810.06
7202430150,799320.4
3558000120,322267.62
3890600150,462223.97
7452500315,238658.34
7173700591,627491.7
438000015,637597.0
928000020,402136.6
3830700010,416184.62
3845100640,398374.44
6675500112,353630.78
1773100920,368533.75
9485940330,389085.6
5561000600,472964.25
1786830090,635751.2
2011000020,242042.22
8024200681,418971.47
5452301810,1940501.4
5515600075,265420.84
357000135,1192778.1
2541100010,575543.06
1090000036,654849.56
3459100300,439720.34
2450000295,1058175.8
162500015,415232.75
2592210290,763590.2
5101405265,516069.84
1122069019,732099.1
7501000220,884095.75
1310900140,331552.03
3298700941,241939.98
1972200382,430197.1
5100402764,456559.72
2623069069,630675.0
6372000280,515450.6
4305600240,488590.6
2767602094,576375.2
2500600289,171571.81
7203160090,848403.3
3521069146,571719.1
824059321,1643820.6
9348700610,835236.44
7228501745,487356.44
6021503656,447012.28
5437400630,559093.94
2207100740,413220.8
7202000220,424540.1
629811340,679826.25
1324079029,272611.12
418000010,175875.53
6303400290,196419.88
4139910030,1182444.4
3023039066,336212.62
8698600395,214441.9
2799800710,341336.94
7351200050,725875.6
8564860270,490980.75
2591830020,412420.44
4139420430,1427685.8
9828201725,514898.84
2420069604,268518.03
7224000315,193068.58
3861470120,2171006.8
3222069151,292383.5
3869900155,345258.4
123039346,290849.72
305010050,673331.4
2141340040,675915.8
7504021310,688389.1
2436700315,545530.4
8732750100,370291.72
3298201290,346199.4
9241900150,1010603.6
1180005220,232646.73
5540000050,297626.97
9211520400,246275.77
2623029078,483071.53
7132300695,393613.84
6430500219,428506.03
6084200100,379127.56
7140200280,265988.44
3904910610,603174.94
7625701900,482297.72
9432900560,335529.06
1388600110,247763.9
9126101201,369725.03
4224100030,384854.56
1109000390,607205.75
3336000296,284320.88
7504100590,782366.44
2025701060,268763.22
7527410080,628881.0
7304301045,276112.78
2591840050,454356.66
2767602490,466672.78
5494000040,1083188.0
2473251090,278040.12
3825500080,485918.22
2309710150,351307.72
8901001335,689136.6
1781500435,341123.78
8835220200,337619.3
4037500335,528542.44
1338300180,1712920.8
7968000120,259573.69
686050100,973521.56
1180008315,227676.56
1657300280,429211.94
7856600170,722750.6
4154303125,660044.75
3295730050,574285.9
1777500090,711253.0
203600470,606077.06
6673050020,361356.03
8731980680,273613.1
2273600260,514060.3
1000102,294890.34
4197400005,561495.25
3378100100,248115.28
7856620210,776395.0
9275700765,972444.25
1246700136,449783.72
4239400740,167659.03
3306300630,201760.36
2524049056,1099717.1
2023049245,246848.11
3210400340,272800.44
2621760350,310163.88
526059183,419731.3
8078460050,676789.8
7504110050,671114.5
3876312840,417570.12
9268850350,331577.03
8085400490,1111266.6
2722059185,444268.06
3644100101,346869.62
1321700030,758448.1
5608000630,1469817.1
825059349,1345678.4
6083000071,239666.02
9164100105,551928.8
1425059145,434471.44
5210200184,536149.5
9477201370,440175.56
2927600630,809044.2
2619920170,797715.1
1560930450,608901.94
2896000510,533400.56
3034200067,616451.5
4025300360,351721.38
3362401295,537952.8
2391600555,436243.47
7550801170,522393.7
5347200175,256614.88
8910500471,430328.8
7199340560,474239.75
9266700175,406186.0
808300270,433472.78
2487200875,461238.5
8728100781,330596.62
5379804888,264763.53
6619510060,407525.0
5416500680,422227.28
1862400087,450493.3
2126049277,407632.7
4137000070,314408.66
8081500060,2243806.8
686800065,1031014.75
5561100180,584923.3
798000342,297334.47
5603700095,560844.5
7151700585,1332902.2
8129700565,627864.6
2782100260,650274.8
7011201106,445237.25
2423069084,524841.06
8141300300,326733.2
6601200040,274979.66
290200230,630510.2
1423900220,251335.61
7303200450,217048.75
3755100220,364280.5
796000235,210156.27
7237501040,1120933.4
7203220400,897451.5
9285800275,823168.44
2061100435,499565.12
6414100025,542552.75
5317100750,2427705.2
6145601000,425076.88
5634500775,491681.72
7375300160,594230.3
9558050360,506199.16
4151800420,461995.7
3751600146,203494.89
5302400080,566074.56
357000005,613065.2
7283900306,442274.03
3738900105,331641.53
6822100305,614733.75
7436000205,554819.75
3295730040,563790.2
1526300015,374685.22
3294700101,249079.73
8864000970,239287.12
5469502700,417015.38
8078520310,245922.55
6154900130,307834.12
8945200830,181838.88
1085623630,422082.34
4013800131,219887.03
2287000010,692072.75
546000930,669139.75
4051100390,230007.16
7203100120,686342.56
7523850150,291016.2
3826000665,315335.34
1311800560,211850.2
2877102180,524187.78
3221059044,771158.7
9169600110,526218.8
9510920040,741060.3
8813400155,811360.6
3896100130,1126114.0
2568200740,763652.8
1217000340,303459.53
6430500086,426724.72
5634500234,509189.4
825049073,465801.72
2391601445,1192102.6
7881500330,461993.94
1721801591,143636.72
2473390710,320884.22
5634500891,339118.88
5515600163,525384.44
2560805630,246397.7
8078350280,600006.8
9477201060,369240.88
8827901350,724484.8
3560800040,411843.84
3034200370,526935.94
1328300040,342408.6
2483200010,607256.75
6071800480,375956.6
6200017,211253.22
8149600065,838867.8
3362400615,483742.3
7518502945,530007.25
8001210120,260372.02
8682280340,442555.44
3623500408,2280033.0
3764650070,477407.16
7937600380,369126.8
923000580,675223.2
217500005,415764.5
5419800510,255402.44
8562901250,568818.75
2212200100,293716.6
2310100240,344169.94
8582010240,629061.5
8651410670,186962.92
3330501645,267029.75
8113101232,353739.72
7849202190,292604.4
1864700300,316269.28
5231000060,291024.53
1565900070,239059.95
7555220140,667006.0
7518505160,516213.1
3322049005,643321.3
808300550,416171.12
66000265,398526.84
2880100675,418189.03
1524079156,394543.62
3625700010,1809127.4
3259400024,329250.6
3205000310,362411.4
807800190,277227.03
2783600210,440203.28
9290870040,823146.44
2561360120,414740.4
8857100180,424048.44
4388000070,226066.62
3860900003,951774.7
1176001119,545264.56
6084600330,234110.34
7985000100,216678.33
8026200080,343387.34
3210600010,732208.75
7558300170,509413.8
7852180340,423717.78
524069011,592798.8
3361401011,146600.95
6117502455,271495.47
5602000025,216770.52
4142450490,306246.75
5306100255,360916.22
1795900120,566998.44
1193000280,903024.2
9238480120,566663.3
3630200780,905429.25
1250201130,476090.9
7796000095,1117474.1
8635760040,499195.56
9476700135,298731.16
5249804510,533578.1
40000553,244549.0
3204300625,779204.06
2596400050,415833.12
2724069103,361938.2
3744000040,441978.03
7525100590,478254.75
3705900292,408842.3
6169900790,1416742.9
8127700735,960253.7
3761700067,1045332.06
6065300570,963094.94
4022902050,478811.5
3886902590,585647.25
4107100190,2098616.5
2909300150,652075.75
384000135,422560.84
1005000036,385634.53
8856970530,327259.9
3448900320,562148.4
6713700100,397188.97
2260300060,2024660.6
7273100026,608421.9
1277000020,866985.0
2620069113,393587.94
4166800080,340754.4
8731902680,263843.0
2599200830,227073.31
7569500010,682859.44
1825069031,673505.44
4443801495,601156.4
7805450110,712242.6
3345700207,523345.12
1560920450,967159.5
3629950010,439899.84
3782100035,300031.97
5561400340,779827.06
1898310110,252077.6
2122039094,607361.56
631000040,498709.72
293000145,361102.12
8121100015,394488.3
3205200430,357963.1
2475900565,306428.75
1651500040,2060679.0
3955900500,388005.84
7907600100,300210.56
3123039136,355756.75
3972900735,272541.72
1424059130,375248.06
6792200282,254737.86
910000104,276972.8
3751600784,307830.28
946000295,465844.38
7749500070,334685.38
255550070,358629.06
5151600340,311817.62
5415300060,537814.9
287000110,613709.8
7585000110,194325.44
8121200460,493984.72
6891100090,917805.7
7575600100,292642.94
4240400140,624054.25
4046500510,359649.72
2944010240,1080554.0
3449820380,564659.25
7203102140,341546.62
8665900291,553525.44
1775930010,419546.4
1118001631,1282832.5
8911000445,340489.34
117000100,606845.1
9284800085,480074.84
2795000080,482170.34
123039207,329098.03
1312200080,227086.31
1236300290,1356360.8
7549800168,435075.56
6891100260,851153.0
6072000910,556533.56
3226049184,363804.5
1442880320,491612.34
23500190,581461.1
6021502070,533753.2
4168000110,197653.12
792000006,187877.34
9558200210,220769.97
3840700757,671751.6
3876311650,570343.0
1328320800,333365.28
5006000170,231487.48
7575600430,273428.16
7686202580,190190.81
2524069097,1668809.1
4292300024,356921.34
2726049071,412932.84
3526039019,760043.25
3300701365,463188.16
1274500170,206809.11
7282300095,291438.62
8562740440,721658.94
3761100045,2680974.0
2877104265,892058.6
7940710100,539633.06
6071000030,835825.3
6448000100,1630382.9
2923500230,2740314.5
6751300375,447491.25
7214810350,442697.7
1088800470,583425.25
7129300420,244400.25
6149700405,316007.88
9521100855,474586.78
1861400116,657220.1
2787460720,219458.61
6073240060,680061.0
291310100,433678.72
1247100035,1135784.2
2626069030,1991644.6
1326059085,515585.28
6447300265,3078765.8
8651401270,177228.42
3524039209,853613.6
3226069049,1025021.6
7548300425,390317.62
1438000360,520082.72
1777600900,731540.8
5244800695,524722.44
3387900390,256146.66
1954700615,1189917.2
1026049036,316352.22
1683500180,244593.31
1939130420,672727.4
2021200530,1006064.75
993002325,431623.9
2780900220,284375.12
2540800390,459559.06
2919700540,651182.1
2787250090,512170.47
8651442520,264097.5
100600860,205607.34
1437580480,989318.25
3886902505,620330.25
173000140,425601.78
5151800045,538535.94
3010300240,528541.94
2085200261,303169.7
1839500065,264168.78
1049010300,376960.4
1328340540,307694.7
8887001625,423601.4
5332200320,668413.94
7137960030,278715.25
5468780250,345935.4
2436200715,580353.1
5137800030,322996.25
1068000520,1284029.5
5379805121,379038.28
7445000105,448709.2
7942601895,709688.5
1727850350,1136528.6
9407150310,326660.28
5569620550,740447.8
3179100480,447165.34
3624039111,213642.95
7844200050,297266.72
3304040020,385190.53
7739100155,763652.06
6099400053,194261.52
7468900270,211937.7
396100025,358385.97
1160000255,377079.44
6300000320,381762.0
6392000570,365818.56
7387500235,326043.12
1121000058,539048.75
9828702120,554806.0
7715800310,470356.28
8562740370,682051.1
5637500070,391174.34
5561400470,637989.94
1189000205,443703.22
2412100025,397243.53
1073100065,327094.22
5160300020,552094.1
2770601677,490429.94
5104450070,424792.8
820079043,401414.34
751000190,353231.03
1823049179,387448.6
7430200060,1279752.0
3331000035,518023.5
1775910370,529141.6
3626039299,525066.9
1546600125,688009.1
3260810150,329494.66
6817800330,367768.0
414100045,412295.75
1326039061,377889.4
4055700030,1311353.0
1225069038,1923975.9
2296700260,423108.03
2822049160,229482.62
3395300260,531943.6
5144000036,349274.94
809002290,803790.75
7334501410,339129.22
421049114,194487.86
2623069010,771647.9
1133000144,593470.25
705710290,340254.97
7313200120,574467.2
1269200150,280487.7
9264930970,320193.03
6819100020,2049810.6
5112800421,277555.3
7846700850,258988.39
7227501450,254937.64
5451210150,656175.5
4140900140,429174.7
3537900180,794103.6
7738500475,440416.2
3541600450,385373.88
5379800040,325468.38
6664900330,268417.4
6056100312,385075.2
7766200013,544329.4
8651720470,460254.7
5690500095,921420.7
5423010180,741814.75
3204300610,542733.9
3425059066,576679.25
7856660130,1033018.56
2954400520,1206172.0
2327000110,876524.06
9526600340,691546.9
7695500200,435599.94
7237501180,1097192.5
2008000550,258968.88
1123059126,542443.06
1775500371,768723.06
3459900230,1719005.2
2619950310,492827.2
1771100330,313205.88
1321059097,347166.5
2420069278,285735.2
3832050570,313153.62
7132300525,449911.97
8691410700,708326.7
7967000150,327068.66
1328300810,359148.28
711000110,1229411.6
9485951460,497965.47
1771000970,354520.88
2817100900,268066.44
6817800630,396228.75
3558900450,514022.56
7215400770,379832.56
4222000320,200460.0
2791500270,267569.16
424069018,861061.3
9547205180,740001.7
5631500947,575590.25
1425059193,1122713.6
567000775,456455.22
3904900610,518596.88
3649100346,395702.72
1624049228,510762.75
1559900080,357317.44
2919702040,593928.3
4013800206,205121.64
1025039292,1352636.6
2771604640,700132.5
7203600550,269552.53
1545802830,263768.78
3303910010,603886.3
8617000060,858376.2
7889600190,244780.23
3325069064,549010.5
6300000337,535920.44
1172000150,276854.5
3348401319,350083.62
4188000490,866727.94
7779200355,574867.25
8029900110,444555.84
4060000290,209373.08
9475710040,382711.6
798000535,225261.1
6415100410,388503.1
4299700095,330338.2
6117500955,396388.62
2421039075,223202.62
3362401935,536200.1
1545800205,281156.7
7645900235,731471.75
4141000060,1163600.5
9485800050,649648.1
2436700280,817827.2
7335400400,220287.72
9294300495,769207.06
6649300190,429782.53
7950303270,367762.75
2391601010,404306.97
8129700728,558531.7
7871500685,610937.2
1498304065,551604.1
3862710010,445753.88
9209900335,534050.06
952006857,319026.25
2322069168,553781.56
1775801090,457664.8
5700002165,543097.9
4029400080,371133.16
7796100080,876914.56
9279700150,1887835.5
3876200060,414007.34
2934800025,311837.56
9359100101,963931.1
3330500335,262107.52
4027700466,382085.8
3204800430,409783.84
5415350770,729391.75
1443550020,478111.53
2810600022,342717.0
1238500281,524649.9
2591020140,492871.84
7137900960,238275.83
1328340630,282308.25
3529200190,351024.06
1624049291,837091.25
4083301120,574305.0
1873100060,655219.4
1773101159,280904.22
7214700350,525016.25
3856902250,595071.9
7169500130,484926.62
4038300010,408350.56
9578500810,407651.34
3345100184,352655.12
452001860,480593.4
7905200037,554140.25
9376301110,496022.2
873900240,295678.28
8682262400,401045.47
7227500910,172199.47
2392100090,448367.4
3221079050,447980.2
4307320280,339657.78
3211270170,490479.5
726059483,705995.3
424049043,721168.4
6865200140,621752.3
1155640050,425780.0
4139430250,1399491.0
818500100,209942.72
7999600180,193009.3
4099501215,788526.7
4046700140,398734.78
8857600490,207407.38
8677900120,474726.66
5379805253,194740.27
9211510410,228247.69
2337000150,289404.88
1423049029,280671.25
4036800580,467386.75
3942900010,367086.12
3438502715,387874.12
7625702441,373862.84
3905100610,467377.38
2218000335,513160.53
3034200516,401668.22
8024200625,392353.47
8564500020,323382.44
9550202700,492949.88
7518508625,612039.4
1822350070,390706.44
8921000040,783583.56
6648150090,1714197.1
2402100675,660079.4
42000127,290402.1
5100401160,511164.28
7347600507,251377.31
1839910300,332090.66
1250201550,818524.75
9460000010,305787.97
3356402232,216117.2
6819100150,599038.3
8645501330,266408.1
1556200005,937842.2
40000228,179341.31
7300410010,387430.12
4299000030,368108.38
2629600016,488741.6
662310900,385018.28
1909600046,477746.0
7893207490,231097.94
2524049318,1986270.9
924069210,740305.2
1591600527,298804.38
98000060,1237017.4
6392002020,618911.44
2719100400,467565.06
8018600655,456858.06
2141500020,449369.97
3277801580,500056.1
7237500110,951921.75
626100023,567433.94
4319200820,389644.1
1422029138,535973.6
9517200610,364058.9
7334600280,284975.94
8820902400,603034.56
8944600060,504619.16
100100050,316735.3
8074200100,252079.27
1836980240,798287.4
6648500440,317089.22
9530100225,637376.94
2883200875,624528.75
4218400175,1006669.4
1022069183,602931.06
6398000171,486433.8
5021900160,645535.6
8078410250,543620.7
7972602490,304429.12
1962200435,709139.8
7221400285,263611.34
273900030,241900.3
2708450020,499792.44
4083306616,426089.53
3034200435,552617.2
7855000550,1343526.8
871000155,617291.0
8024201714,500809.66
2625069038,1280115.8
2324800350,803383.8
5450900010,1398429.1
1822039225,489938.16
2460700700,279984.44
6679001060,317563.75
2422059111,341044.72
1250200345,305778.94
5589300370,324797.7
2021201000,1421555.6
4302200336,246930.05
1328330290,349328.9
3438500781,398008.0
5453700020,638072.06
123039147,363100.2
8691310070,875812.2
6450303785,329864.1
114100234,472699.56
9212900820,497664.97
4270600025,317819.47
7201600190,464854.72
521049227,785503.44
6300500479,428649.47
1432600100,211556.84
1024000109,349259.28
1430800100,325947.97
9164100125,553503.3
1925069183,477690.4
7852160080,952564.7
5317100780,1373447.6
4083304835,598832.06
9478400080,775052.3
4463400195,236290.8
4232901525,498784.4
3845101070,389605.8
1843130980,298189.5
3810000480,331253.38
7137960440,298333.44
1231001115,350805.2
5101405340,478615.66
3723800409,579267.7
8651430370,187535.97
6135300010,256225.81
23520380,467318.56
2935400100,549058.7
6137500320,922521.56
7841300230,328637.28
3521069051,477474.53
2621400080,307990.03
5104530240,338029.44
2022069200,452283.25
5469501850,413568.53
9206950110,325926.22
3298300210,366399.22
2810600015,396499.03
7298050090,510788.56
7202290620,458447.2
3211290370,421769.72
1591600506,351686.16
2827100070,353071.72
2482410130,396674.53
4364200125,421443.22
6388910730,558101.5
7436500120,514622.94
1822059156,707260.2
9432750190,509349.7
2205700405,437917.9
6056111370,370148.38
3205500160,416390.28
6139100076,358384.97
723069135,446479.7
4123830070,301001.5
2472920740,464234.03
6134500220,635520.8
2734100395,225368.31
3574800090,428892.78
3126049107,541326.8
669000210,1125087.8
1139000620,311258.78
3825311190,709723.7
7300400320,402914.72
9407150250,287154.88
3679400503,328006.06
641900050,398765.97
9169100130,555376.1
8091800140,321036.34
9547201155,552477.0
4154302045,276534.4
6638900265,719493.56
1423069063,429694.4
3335000025,427969.78
9269200650,267554.34
1781500180,379655.47
9211500520,229349.6
1853080150,831345.7
2767704756,458306.44
2206700295,428101.66
2557000380,295133.16
11520200,751902.4
3832710680,239049.92
2569500210,324336.2
5230300210,243023.38
6447300225,1463126.6
5035300325,1111800.9
7853301660,781561.06
5411800250,369289.12
7203210170,738570.44
4302200415,290569.44
7942100290,221532.61
3629860160,841037.8
1423069076,620534.4
525049085,574364.75
3306200230,228471.34
2193310300,470743.1
7978800621,247789.44
4027700632,423721.8
1761100190,230115.97
2749600245,523494.38
322069141,501761.5
1900000035,185552.19
3361400190,189506.97
1604602050,574460.06
9421500160,456201.1
7788400180,303015.03
1566100625,460408.3
3861500340,228600.16
2524069072,341559.34
3013300980,427597.3
4191500130,598109.5
9407150130,304006.4
3904902500,731688.06
9510900140,229161.56
3368900084,323581.12
3432501415,311876.53
4254000540,479729.3
2767603250,524739.94
2923501130,637632.25
9183703045,285795.4
5279100675,289638.47
3905080310,507375.53
2461900375,712267.75
3346300356,524820.06
1865000110,369100.75
9264930400,295662.5
3447000100,576419.2
2313900510,513373.94
7518507330,614844.56
9368700270,230449.34
1137400420,396636.3
2023069054,256042.86
2141320230,621326.1
9536601295,375977.4
2424400130,371848.8
5210200081,441569.78
4443800785,561028.0
7292700005,547128.9
9834201205,291090.88
3275800050,284304.06
6926700654,660894.5
7511000140,1484882.5
6821101895,586934.94
8964800695,1264755.6
6821100195,602018.7
1226059105,588211.44
2806300070,1322596.4
1720069029,349343.22
6384300020,453108.28
8928100125,591180.8
8562770720,541313.4
8650300130,776204.0
2126059172,452408.78
8812401450,710045.25
6646200280,652933.9
4021100045,520836.7
1155620190,412927.34
6061000010,370604.4
3362400472,363827.4
9558020240,499909.22
7309100270,523892.4
7137950210,330666.3
7849200635,203867.64
1311200460,252870.95
284000095,974672.56
1509700050,316235.78
3438503014,285848.84
9406450090,335805.97
5096300140,382047.2
8923600020,1354737.1
809001070,683782.9
2291400342,318167.0
644210020,886846.1
6700390090,256285.69
5631500285,772768.75
104560120,294646.34
6413100311,371809.44
2558700090,423739.6
1471590060,721420.2
8914100170,606952.2
5652601035,341270.53
7852120140,809041.06
6163900952,361800.84
5215200050,793647.8
6352600490,752042.94
3912000020,545828.0
8830400135,223267.14
5467500040,402932.78
9406570300,404733.25
109200390,228097.31
2025770310,770159.9
1939120450,698049.06
7524900003,2808160.5
3755000120,369825.53
2473002850,553605.2
7625703945,358223.3
9477000190,419550.4
1727500230,410721.66
7011201087,450545.3
5561300750,477965.2
3969300030,199301.97
8097000330,337072.72
2025049064,737362.75
985001321,231515.95
1775500050,401061.16
8849300160,368317.3
2316400285,466030.56
2423020180,562575.3
7128300500,496274.88
9512501400,408174.2
7200179,178983.36
5490210670,515311.0
9527000330,655218.75
1972200326,496647.5
4151800195,539937.3
4046500320,381542.88
9834200885,411097.1
8161020050,557415.3
2891000750,220151.0
3426049031,1271048.1
7387500195,285198.88
6303400395,118144.164
638100015,360616.88
4107100204,2187450.0
537000255,216540.34
985001266,286048.75
1137410040,445472.12
7229900250,234522.19
3905100840,528138.4
8100400160,640352.56
1346300150,2992463.2
1443501020,229604.98
5490700035,365672.44
1954600050,471752.03
8122100690,448217.78
3663000070,506632.84
5101406375,450367.03
426059055,578139.6
9268850160,382235.97
8731800840,254375.9
3331001910,309558.1
7603100020,977590.0
809002705,762639.0
4364200075,265343.38
1113000430,182260.08
1176001117,601256.7
3320000212,387970.7
9286000150,1391443.6
301400830,255643.44
425059024,664251.6
8835350300,541742.06
7100000135,270628.44
7696600240,205593.81
9808640320,950464.9
3764500180,564772.3
326049060,588387.6
4017110200,467792.53
7224500300,229521.8
1560930050,508534.75
726059395,449805.6
8964800890,2337700.0
4045500620,613567.0
8562710250,992558.8
1775800710,351968.0
9528102865,901569.94
8096000060,520211.2
1591000015,273814.62
2310000430,275974.03
3902300350,620668.75
4068300280,254005.25
8732130730,253498.5
6791100410,525285.75
7660100236,407402.6
2568200070,880019.3
7697870310,259836.47
8562901100,633107.1
4016800120,305000.44
7338200180,573169.1
6791400320,257651.44
616000200,383435.7
2917200675,467826.88
2926049086,660070.56
3621059048,445915.03
7987401095,742225.2
5589900590,398250.25
855700170,539923.4
4030500130,322049.5
1755700060,383496.03
2413900050,654888.25
2489200250,456633.3
420000085,224980.7
8106300820,489416.53
8651730580,450577.97
8106300090,428628.62
9842300095,417079.4
9477000280,394429.28
2877102495,400303.78
868001030,1046345.44
8564860110,588058.3
6762700452,516974.75
3294700310,194522.92
7231501665,231845.84
7525900050,516148.6
7882600326,1457639.2
104550690,311001.22
3425059076,1083626.1
8835770170,1158973.5
2581300010,1182639.5
844000180,258323.86
7888100240,237715.66
3845100670,461285.56
4027700812,465997.66
291310390,345411.56
9550200370,616432.7
2328800130,291379.16
2372800100,250747.12
2923039264,581053.7
9282801720,302989.3
9520900230,595229.1
985000955,294441.28
1099600090,228384.2
9211010320,525879.2
3825310820,806515.9
9545240180,526322.7
87000245,218112.4
5041300100,569387.56
3624039150,255759.27
1370804430,546868.56
722079056,443895.8
9126100815,522418.6
1770000490,333745.75
3995700250,408740.56
7214820400,396972.75
2473411130,346847.16
1824059079,951735.7
3080000030,504338.7
984200540,310456.56
524059063,1714641.9
9482700475,732342.2
8024200820,534692.2
8568700015,373049.72
1223089050,357364.8
2205500400,475564.5
1279300085,699356.44
7376300085,469558.03
322069020,436524.4
291310150,349163.7
724069059,1494697.2
5255200220,408712.5
1931300850,467623.03
4427100105,403351.84
2881700231,356714.8
8641500280,282772.78
5406500440,661976.94
8078390150,703938.0
8945300090,211614.36
8819901030,801878.2
3179100220,751126.9
2126079046,317931.3
2621750350,311949.1
4014400190,437589.75
7853420110,669967.3
2114700368,331295.72
3438501081,265345.66
6850700670,745905.2
3352402272,262922.9
4157600150,643868.2
8151600941,303629.47
5160300030,556026.94
3820350120,330440.6
7338000800,188807.77
3359500110,792783.94
8016300240,615778.1
7203120050,894382.44
3322049201,248684.06
7231502505,214581.83
8106100105,3775655.8
3895100039,883449.3
1001200035,219650.4
2724201202,217157.66
4038100110,519927.0
8827900015,573440.9
2644900109,378602.56
302000375,248571.2
1604600095,421489.44
2600040160,603000.06
2129700525,322203.4
603000555,354366.06
4083302225,838119.3
7298000090,445676.1
2484700015,506836.3
8945100320,213568.39
5112800042,421278.06
8091411100,298905.28
7375100070,457074.66
7577700061,590578.94
7923700030,427671.53
4235400186,418655.12
1498303700,740860.3
3876312350,406139.9
3797001815,451477.8
868002015,1337120.2
597000550,424453.47
8956200530,417998.84
2207100165,491316.12
7942100180,221156.86
2468800040,329443.75
9842300036,364192.97
5700003985,1809831.4
2988000070,372091.1
8857320260,577080.3
2600040130,528147.94
6632900452,597424.3
7518505910,562387.56
1672000170,615261.56
2597800010,516412.5
8562790720,765701.25
4219401080,1819833.5
7000100711,817769.44
7954000125,564978.6
5700003640,1993687.5
5700000275,694840.4
4019301205,478131.16
8943600360,286356.62
2954400400,1249117.4
1321400060,267659.75
2255500123,661455.7
2781260070,397989.03
1313000220,694077.44
1125069153,1384485.1
8899000310,263523.38
4139450360,882011.44
5511600315,514544.44
3575302575,484176.16
3226049054,464466.1
274100090,313453.3
1545802080,250759.33
6669020500,296608.3
3307700405,519474.0
3760500407,1851505.1
7853270100,731247.9
9320350020,593764.06
7715800430,467630.2
6791400100,337162.4
7708000010,399619.12
1448800010,281081.34
1782500035,340233.56
3449500050,495072.28
2856100515,896069.44
1245000461,922902.56
1219000043,309322.6
5409800110,365142.72
2680700010,656773.4
8143100350,380834.0
2597150270,276055.38
2966800010,332241.12
8854000010,737566.0
2207200635,431368.38
1722059222,300980.56
9358002305,343713.34
6392001950,457927.66
3630080070,398028.12
3797001702,983371.5
8127700440,663890.7
1446400785,205390.39
5016002275,945957.94
2818100060,1174580.2
6431000748,359964.72
7972600450,328475.62
8078570380,311707.62
7889601320,190077.86
1762600280,940900.6
3026059085,1182486.0
3475000080,587019.5
1370802620,598447.9
5151600285,289047.94
2722049218,340731.0
7696300080,400321.72
4168100020,222437.2
1474000050,441120.25
2473480350,325630.75
1139600270,289753.38
6699940120,357151.2
7016100120,413205.44
6752510010,755169.94
7915100490,650830.7
984210170,306703.0
6159400030,414708.38
3013300968,356869.62
6404600006,250384.88
2770602170,379364.1
1922059401,211823.55
291300010,349764.6
3856905185,496735.6
7304300905,284598.94
3416600185,568529.2
1786810040,722146.4
4354700010,398389.28
3902100175,954860.4
4305600360,454543.0
3622069114,584884.25
4376700570,625577.25
6795100589,547845.75
3344500085,446610.0
2206500105,415929.1
8731900880,366052.4
1682000160,216212.03
5104200380,252109.08
1982201595,585607.6
795002190,224428.45
7228500375,575201.2
9412200280,428420.22
5071401000,847683.5
597000566,360866.3
8151600101,153658.5
2028700265,482129.88
1670400090,178138.38
7851980100,1269583.4
5595900345,386012.78
4046700300,400566.9
4324210120,275773.03
2616800050,551253.9
1525079069,787009.9
9828201020,567639.06
2723069146,676026.06
9468200100,573154.9
2883200961,537257.6
1137300690,673373.1
2473100280,353673.28
723049448,262456.7
3066410810,695753.5
5700003280,1023809.2
9268200440,411542.3
4053200410,285700.3
1234000704,1059600.6
2473372170,431584.4
2523039239,233046.89
4324500490,213696.95
238000244,447626.12
1105000571,390376.44
1771000430,345544.0
666000142,755152.7
3389900800,438252.12
3578700017,545366.5
3629970190,778713.06
255450250,330326.53
1154100205,273758.75
3629890190,1132216.5
3905080870,528638.75
8155820110,289744.8
5135000170,792588.9
2464400435,630248.06
9482700080,556908.4
318900080,461202.88
9477001410,388033.22
825079019,670589.9
1471701200,407303.94
5606000120,883192.4
7853350220,641252.75
1776460110,460680.62
3904920980,716431.6
8087800430,613552.4
3298200320,420805.47
9122500080,292851.2
7893804845,317785.8
1370803730,586533.2
8001450170,289471.66
5561400260,696253.3
7308600010,784950.06
3524039060,318312.38
7300400150,358218.88
207700050,558377.25
5595900355,232644.97
2652500285,783243.6
6744701310,1875745.2
525069127,1323218.2
3334000050,385368.0
8682220390,674582.1
4038700380,592794.9
8073000265,367247.9
9521100960,713194.2
5634500688,988745.75
6813600440,398375.22
1072010350,550756.25
7853301700,671712.56
5141000571,303685.94
2013802060,437766.3
7852070210,1395201.4
1402970070,356544.4
2310040020,349024.53
646910560,256216.77
6647400090,427447.28
8682231110,521381.84
4376700330,603926.06
8069000075,694242.3
7147600220,218200.83
4142450330,260498.19
5101404698,412079.97
6154500070,983302.06
1592000640,626319.25
3756900027,602817.25
7203220130,926398.06
643300010,486428.72
8651720150,486812.5
4139400910,749066.7
5054800110,323774.66
8835200330,427076.06
7682200340,243397.97
7203600745,377168.97
1895000260,238885.14
7922750020,551124.06
5437200050,406463.44
8732160250,255211.55
1442870440,524294.75
1471700410,388441.97
3204800330,364231.5
1923000160,973505.75
2719100013,385766.22
3814900380,361859.16
326049038,478127.06
1068000110,1020342.06
8835800010,1129763.8
1560920200,512257.9
1668500090,700433.06
2597530070,843270.56
1139000035,605965.5
8032700072,503527.94
7732300390,695923.4
5130000080,492815.44
9276200890,419077.75
342000036,451512.7
5126300060,506891.4
2331300505,722018.3
8651410090,186380.78
200800330,456473.5
7520000616,294139.84
7170200110,442428.44
3021059155,228478.1
3582900280,1234329.4
7340600845,235963.6
3905040060,525238.1
3224800120,310897.72
6021503740,537385.2
2570300130,416059.22
8121100395,517169.03
3356404198,271731.72
3630090050,778241.6
923000413,433828.88
9201300020,1283251.0
1777600210,626967.7
7738500731,3574224.8
686900010,939309.25
7967000160,338789.47
3413700130,587535.3
7852190290,558542.9
1180007375,630643.1
3353404510,283311.28
7802900380,326949.84
8021700715,663165.5
3205100080,440977.25
4477000290,531634.25
1118001645,1428527.4
7979900806,321528.1
7228500415,663518.5
7212660640,313312.53
3826000735,202799.95
7714000250,420928.28
4400200057,636456.06
2487200279,592883.6
7140700690,277917.94
3304300080,560419.44
2887950110,258119.7
3760500222,720190.4
9269200786,355810.38
3734900110,226149.0
5045700400,502191.84
2140950130,464159.66
2612000200,393652.88
8563300085,430769.4
2425059173,644365.1
8091410930,304304.03
9422400035,586369.3
1112000100,772755.44
1323089056,385776.9
5015000596,821492.5
1535204165,502128.16
1438000430,495036.88
3222059130,516463.22
1982200330,634394.5
6624010010,238556.62
2303900035,3150799.8
259600620,529839.44
6072500490,521775.8
123039633,332573.97
8562780090,303910.47
5249802240,569906.4
6071200400,521059.75
826069002,348490.38
2625079030,769464.6
6742700210,1318377.6
9253900408,1398634.5
2560803085,232535.61
1237500540,327834.7
425069020,1099848.2
9185700440,2303440.2
8656300345,401157.94
4245400045,260069.5
9834201370,388780.34
7853300770,423982.94
9551201295,497922.75
898000220,235571.69
3834000720,355428.5
1245500690,738702.2
4083304190,617236.25
4178300080,758097.44
2960900045,579867.94
1446801030,254095.38
7855800910,748759.56
7853310150,640197.5
8732131090,278805.38
7967600285,483947.66
8651520510,594902.25
5379802650,249943.5
1425059174,468473.8
627300105,953352.6
3124089049,456108.4
1778350270,697895.3
8691500410,388908.28
9169600043,491175.56
100300500,299645.06
3221069054,707892.5
4443800385,624624.06
7922710450,728632.5
7880020030,688482.4
3288020050,333774.06
4136980090,685529.5
1687000240,313838.25
7812801785,230621.28
1126059144,601542.9
792500260,381993.62
3222049055,746159.9
8635750090,726692.25
2767601280,797671.75
5347200162,240591.66
7503800210,272847.03
3394100020,1185022.8
7663700783,398198.97
9454200030,441531.47
3791500050,297945.88
582000185,589801.7
3211230260,428929.2
323059103,372245.12
7297700055,364811.38
1545805460,260137.97
2341800195,299785.4
6648700150,277461.1
3860900035,1775149.4
1980200236,609868.4
1180002745,304755.62
3275890310,673183.06
6840701100,499334.12
8651402750,166831.4
1588600045,378699.0
2422029094,280847.16
1702901500,363318.75
3755100005,494372.6
3624039074,274477.4
7950302995,414184.28
5273200060,641154.94
8025700460,261541.45
280610020,1148291.8
3333002450,410851.34
7379600240,538870.44
4058802300,331290.03
302000065,202915.25
9527000180,601918.75
3626039403,333427.94
9510900360,257068.03
2310040230,360959.6
7308900490,614809.4
2206900065,398986.97
324059161,967500.9
7345310100,247132.4
2422049107,356915.22
8146100095,691703.9
87000283,351741.84
7937600010,297238.66
2618300350,235052.17
224069102,503914.16
7129302095,216506.06
7352200025,971966.75
6163900333,355697.38
3528960020,621467.75
1687000220,315121.6
4141400030,598771.56
1822500160,327422.56
5467910190,373725.6
9331800580,269866.1
2407000405,200676.52
5466700290,282622.34
3026059361,473891.2
1523069096,468291.12
3876312010,433474.44
8832900135,895735.4
9238900616,520771.6
4142450040,291614.62
9282800065,294373.06
5379800862,340556.22
2459950010,266170.88
4435000520,253594.02
1552800010,313658.12
7549800543,326833.88
9828200460,418475.5
6345000160,1016180.0
7129304105,352724.06
4302201005,329255.62
2450500110,825030.25
5166700050,546152.44
1085623710,373252.22
1123049129,288802.16
8566100200,991779.1
1774000780,441082.4
9492500170,851701.1
686530530,636457.3
4022907770,590565.44
6052400975,261994.05
3438502501,483396.9
3758900023,1185473.8
1645000580,290530.66
8099200030,248543.94
7635801371,439235.84
3456000310,817786.6
2025059150,803491.06
2624039114,436751.34
3348401095,303961.2
6633900170,483376.62
2600000510,695487.44
9414700020,341251.3
3204800520,360276.56
1844500025,349167.34
4137010590,405386.47
8564950280,529047.25
1338800491,849373.94
4058801702,766293.0
461004720,543660.6
3123059107,618641.75
6819100380,534314.44
1193000390,1018971.94
3450300270,321277.7
3110800040,270032.16
1437910090,568084.75
3645500050,407013.1
4338800600,234878.97
2114700530,349191.66
6381500450,360544.3
9206950200,304857.94
4232900940,704963.25
1025049174,1034705.56
7774200070,740641.3
1231000310,447570.22
8155870200,300617.1
7935000625,1099038.8
2426049079,331921.25
4037500230,516910.66
2331550120,318527.7
7974200765,547751.7
686200510,594195.75
4024100670,425232.2
3834500195,505451.44
3526059115,580171.6
7950304075,319296.84
1386800054,335313.78
9834200165,586516.44
6147650300,326491.2
6891800360,589233.8
9170500060,568775.4
65000260,829318.5
7784400130,556090.06
7941140070,365310.62
2122049096,174999.0
6003000851,383446.28
7203220050,965367.2
8898700960,297956.7
5245600105,213273.47
3530470190,194324.33
7883603965,299371.16
4022902505,511077.53
3211100240,328182.84
5119010090,503991.53
3821000100,250489.48
7301300050,399104.2
2171400197,378838.78
9471201175,1487585.5
2473450200,403297.62
2258500045,447283.9
1139000400,494738.6
3298701025,235481.17
1498302774,314344.78
9276200190,594687.25
2909300240,643936.3
1250200693,539674.25
3101500010,335243.78
2557000630,285880.2
1324300091,405844.47
2826049260,450171.22
3342100421,691375.44
3524049083,366932.8
9103000393,1404852.0
3121059033,254446.27
7853240200,618362.75
7950700120,313902.9
1822059057,161303.75
1219000473,315052.2
9272201385,683232.7
1336800185,1220384.1
9268851630,430353.44
2788400315,259764.86
3529000930,564710.4
5631500967,443748.1
2188201010,251742.45
8562970040,725832.7
4415600030,381489.4
2473251170,285332.72
7511200020,538752.75
1163400020,270968.84
5412400180,249775.75
255450400,334401.1
1687000210,315175.38
6749700004,298093.97
2738650030,578120.9
9136100420,652491.9
1924069115,812731.4
714000155,573773.44
904000045,693337.1
3395070640,293675.4
6308000010,642442.7
2695600130,356930.56
3626039279,362369.6
1623089039,252696.17
3438501327,336840.38
8118600025,377233.0
7625703435,906563.75
1807900300,627676.06
1862900360,297917.47
2768100186,474679.56
2524059269,1013484.6
1126059108,948888.1
7856610130,783422.94
7203000200,252981.67
3630120700,780506.4
1612500090,213576.53
3586500620,1077733.1
5207200360,428964.38
6675500035,411388.47
1781500385,364105.1
1150900080,819217.44
9541600355,846123.9
7525530670,777316.6
844000375,327486.25
9578140180,329880.75
9558041130,360290.3
1788800910,184681.31
9550200225,528717.9
8643200055,255250.98
6143000020,286125.12
8941100095,1250461.9
3630010020,434306.16
2895800610,323009.78
822039084,746681.6
5423600080,558206.9
3992700775,459198.94
3816700150,430518.47
4083302485,708455.75
5127000810,345515.66
1725059182,1156919.5
9485930120,373390.0
293850040,620193.6
8731981940,346454.72
3330501545,277263.78
1026069061,753550.56
8121200710,481652.38
3764390100,440690.1
9493200010,335895.34
2902201301,604507.5
3444120130,463546.53
5256500025,494325.47
4022902715,521468.38
871001500,727385.56
2329700440,185517.5
1773100275,273634.78
7852160070,1029370.06
2141330560,602704.0
2505500009,686210.4
8647800150,338971.1
4337000200,247927.95
9264901680,238105.23
1773101050,317027.84
9320990120,290599.9
8856960280,314272.84
5589300585,325252.44
7935000595,893354.4
7203150080,643044.6
5616000030,310070.12
825059178,2958034.2
6666830390,720485.06
8732900840,657251.44
2095800520,490064.78
1771000760,352627.2
1901600090,360968.53
8857600680,234991.22
4038700830,590065.5
8956200070,400469.12
8081500050,2056699.2
567000755,432858.9
424069264,713373.8
1564000410,867226.5
2817100910,306490.12
3303960080,854590.3
3340401535,192398.06
1622059095,308092.84
3278601940,372009.84
7202380120,479337.84
745500010,819668.4
6608500220,396995.44
8024201055,364162.06
8929000140,430179.06
859000160,314188.34
8673400061,420895.75
1269200229,940618.0
6705850300,777660.7
3395040550,297115.94
1697000370,219955.2
5245600120,253836.7
8892900180,217777.34
1794500360,695907.44
2025049192,537770.25
1930301325,931771.94
4217402162,1297306.9
8126300410,563215.75
3345700215,613302.0
2887701420,433102.53
2887701251,416584.1
4036100175,655720.06
6762700515,1064524.1
3192000085,206658.88
226059096,1284390.9
9238900855,433276.47
6706200130,307216.47
2744000010,258084.5
7202271060,682411.56
7923200150,567785.25
162500030,345470.88
2571910210,282848.3
1523059105,344394.2
6052401215,255632.95
6626100260,751164.1
8925100115,1107179.1
5459500165,697632.44
7686202635,188838.56
1118001370,1310499.1
122029066,429828.84
8039900130,319263.34
3262300235,989996.9
8860500300,338981.78
8956000250,547648.25
1646501920,511560.28
9284801500,420607.66
1442880380,495432.66
1311500020,257279.94
254000695,338654.78
9477101280,417643.8
9510970530,668075.5
6891800500,576335.6
9407000230,296960.12
7202340590,690391.06
8151600590,341560.3
9407001600,293808.75
1771000690,329955.0
1525069134,1009437.1
8645540040,287896.34
9414500200,386895.84
7883607645,192920.42
3845100140,349474.84
2726049164,445424.97
4340610040,307855.25
1245003006,1073156.8
1105000373,275087.2
6083000123,206856.06
1777600450,634174.94
9558000100,431594.28
2473002060,316533.0
943100689,358844.6
7544800395,435607.0
1931300090,592212.3
7936000252,497347.06
7987400316,304057.72
5152700060,727249.6
1721801025,198925.98
3438501450,296224.4
9222400510,387957.38
1796700160,273001.62
323059208,354667.3
3392100050,198645.22
4038500210,715208.25
6324000090,376683.34
7549802535,450222.72
3343900326,464458.56
5701700640,821442.4
5249803185,528353.44
8838900032,759921.5
1237500577,894005.5
8642600090,315931.34
3303100075,476813.34
2133020020,365769.72
7950302890,474084.22
2770601734,594762.1
2538410140,364925.5
8159600360,598139.75
917000300,424512.16
2391600330,362944.75
9285800585,489868.53
2005950050,249442.95
6450301835,357281.66
2473480520,316815.97
2818600010,1192530.1
952006728,335689.44
3422049088,315710.56
3629870420,939320.0
1079350090,308735.22
1509500060,391021.4
4039000050,533463.1
5288200230,666144.0
626400020,727019.4
5457300095,1787058.2
5000500055,222473.06
324000530,462703.84
6713100031,411392.4
3316500200,501771.53
3124059006,1396715.0
1125079111,1462019.1
7852020300,459336.9
123039364,224808.05
7883603190,254383.17
9828700900,571359.94
6821100015,641040.56
9522100375,705675.56
2420069201,245948.34
7504110330,788100.44
475000510,590930.5
2425059074,822667.75
7518503685,447231.0
5466400550,223027.08
7852150720,396668.84
3066400140,609335.9
3298400470,538610.44
2902200874,616071.9
9500900110,215987.81
8835200160,352383.8
6056100295,329826.66
1858600042,344377.44
7224500010,290728.53
5457801925,705477.06
7575620750,265769.38
2391600735,456402.12
6192400180,828092.7
5249803870,527701.3
3575302880,410671.53
7225000045,200209.53
5561720180,272395.7
1972200428,499192.7
892000025,178237.45
2944510080,278069.56
2428100100,820538.8
6647400250,463063.62
121059038,383669.06
6398000191,495605.16
526059103,307814.16
8856960720,301959.22
3832500260,257490.78
1623089025,364045.38
3625710080,1193664.5
6446200060,706039.75
5706200370,413570.9
5515600088,245056.31
8029500360,336186.66
6700390150,257327.78
642500080,430191.75
6150700264,374300.56
2473371780,382068.3
3905120540,572124.4
2652501215,711892.25
3176100110,668294.75
7574910650,791818.3
6385800030,273676.78
4443800960,512746.2
8731951490,293243.3
3380900125,364897.3
9828701508,672080.4
6699950310,373697.44
3321049112,412556.53
1824079052,971479.3
8032700140,777135.06
8679600150,559451.3
5040800120,913655.7
2026059119,420160.66
4024100951,506562.78
7212650990,318546.5
936000060,383708.56
6181500340,342413.84
1137400050,402681.56
3324079092,410652.34
4268200055,269548.94
6145602240,364565.8
475000176,444266.38
3279000120,235892.05
9392200030,262185.25
3438500714,354761.7
4306500070,364892.1
8588000610,184291.25
792500190,351619.44
2461900850,466207.94
2660500365,357587.1
5451210100,745343.4
2787000040,311559.03
3278602670,265827.66
9528100899,609571.8
1324079085,316134.47
9477001140,399622.16
9521100880,703460.9
7853210060,401359.22
1326069094,435987.7
3420069065,386150.88
5468730280,268034.22
5437600140,340298.12
5127000410,372015.16
5445300050,554837.75
3375300360,230203.11
9297800165,564169.94
6021500840,627819.7
4323700230,451884.0
643000110,233969.28
8043700105,2430283.5
6824100014,407792.5
9542830480,313545.1
736100065,884800.9
2592210510,856386.0
4233600260,1073608.1
1266200015,771036.56
2787700060,341610.47
8843900396,366557.2
8029500380,278035.38
5292200010,429014.7
1773100980,336024.47
2886200070,568161.1
8594400110,360468.7
9268850180,325668.97
4141800285,1577441.8
3188100007,430942.78
1796380960,274041.9
7202330030,492133.97
8078440140,556265.06
7983200060,201937.84
4427100025,411453.22
2113700510,281552.2
6446200305,647528.4
3425079088,648306.3
3304040130,348687.2
3222069153,295815.9
5127000470,360004.9
7525100520,460602.88
1868902745,844298.2
2920700220,330858.1
1105000780,404142.34
8563080020,838803.8
3630090110,814954.25
856000195,2143392.5
8649401000,223260.53
1315300095,756158.0
6802200670,258385.45
1523069022,345460.3
2624049165,463948.56
1972202080,620206.0
7211340030,297923.44
8850000180,386638.75
2787250080,514945.97
4235401055,503105.03
5226500250,505944.8
3294700421,339661.66
322069180,703429.4
1025059186,503952.6
1923039022,550761.0
1402600110,377640.12
6817810190,407430.56
434000030,647877.4
6056110460,598589.44
4337000285,245409.23
5710610250,619997.25
1049010620,255405.36
5112800234,366850.94
2309000060,545499.1
2985800030,439312.9
1604601570,380317.9
1563102435,741191.06
257000105,203057.92
6788201440,779180.3
1442300005,404597.03
4055700784,823962.5
3889100029,760304.25
4139450760,1100787.4
6079500230,641645.5
259601010,428282.94
3980300020,235441.66
9390700100,477053.06
7200001005,473289.6
9264920250,272709.4
8682260470,446731.4
4083303815,778233.44
7383450250,346424.34
253600180,393517.0
1450000210,177419.52
1133000100,480320.3
7511000050,1198248.4
5710600030,554224.3
4178300310,730269.4
3041700570,486366.1
1238500978,425812.5
431500155,617710.3
2937300050,985858.9
1352300315,206163.4
3277800823,356962.56
8895800110,1031416.0
9274200318,530837.9
1118001805,1891167.4
629810720,798857.8
6852700476,580586.75
7345200650,232277.39
8929000290,427798.0
5506500170,591022.94
8899000140,263425.62
4006000423,283566.47
7137910140,243863.12
2423020010,414896.28
40000362,147800.08
1657000070,229091.64
2124700015,226980.42
1887500045,266416.97
6838000170,448452.1
1310910290,315961.16
3599600276,227146.1
8142000080,386592.66
8856971000,282054.75
624100950,753663.4
2767704332,454921.16
405100165,395674.44
6117501755,408777.6
8961950410,303845.53
1523550480,577404.56
6840701160,585878.56
3331500650,290037.88
1862400517,383435.7
9558021000,373858.56
1310800090,225685.34
5104511040,357467.75
522059189,232822.08
3448720020,383584.2
1310700330,252225.0
5649600462,317526.8
1853000510,1092871.1
8128700005,282751.47
6352600210,847848.44
3754500010,837240.56
1962200475,818683.25
1773100765,249574.31
8895800200,955450.6
1310900260,328827.28
809001525,890603.3
2624049103,305590.9
9191200380,643572.9
6600060120,461169.0
8150100045,257982.38
9558010190,359420.34
4038700930,571175.25
2883200775,670188.4
4036800910,465590.78
8673400177,540311.25
7110000068,819444.0
3279000240,235660.22
9545230280,496797.66
8815400105,572315.4
6738700075,992645.9
8732030490,297376.16
9532000070,549768.6
7752400075,499312.22
3824100051,384007.66
2768000270,517844.7
108000127,506101.66
844000225,268058.25
6817850040,965962.1
4447300137,971297.75
8598900125,348786.94
5072410070,456467.4
7129300520,238936.4
3830210020,193755.86
4137040250,302837.94
3022079080,702937.1
722039087,224256.23
3924500040,666446.5
2473381090,329505.34
2201500490,396149.78
9265410090,232942.02
9286750100,404429.22
2023700040,569009.75
324000280,638206.56
3814800280,328467.78
7697100030,494657.47
8731900790,312133.6
8044700010,544533.94
6123600100,204116.47
1450100390,188344.31
579000550,433938.94
2459000020,303559.38
5016000315,482706.34
1193000190,852232.5
4038700730,558873.25
1556200265,727586.75
6600410170,225714.61
642800130,726586.9
1043000100,372487.7
7809200055,235764.53
7010700308,1108710.1
8680500090,561909.9
2719100355,671835.56
7905200147,559869.75
271200130,232504.12
326049103,514353.56
8682211030,435510.22
1070000390,1182739.9
8648700450,628460.7
2695600410,419574.03
8562710640,947063.7
1525200060,637772.1
1822039138,628812.0
2767601375,521920.62
3425069117,1299419.4
952004570,323699.62
7625702616,298513.0
9818700430,461677.7
2822059091,279385.38
1775900220,333765.8
6371000079,656162.4
293760150,1012112.1
1336800880,1320900.9
2771600550,1147667.8
3905040040,510344.5
7787110060,460623.53
7708250040,361610.44
4022901316,507805.88
191100235,908895.0
7852050220,344886.22
3293700480,412858.8
2597450620,1374887.9
6169900580,1305738.6
2767602855,751260.1
810000080,916764.7
6392000625,476940.25
1865810290,190680.45
1568100380,352816.6
5249804760,356111.8
1337801060,850487.7
6181410950,267753.72
9264900660,301719.72
9122001231,609650.3
4427100030,389016.22
7334400070,297476.28
425079001,635614.1
7436500360,518542.97
1245001295,674345.44
1310500550,295424.88
4047200950,232187.7
9103000455,680760.5
2291400341,318167.0
3876100310,412841.1
7131300031,263452.28
7853380510,692760.1
7409700215,773135.8
5248800250,394943.06
126039323,428743.1
6632300207,362323.97
3826501060,260374.0
8024202520,421965.66
3343901401,497009.47
6431000005,556026.4
9232900075,350491.5
3056700150,220845.36
5104511250,434961.47
3658700510,636474.9
2895110062,312432.3
7454000990,253050.2
4038700680,638908.7
7811220070,577864.0
8091670030,377483.84
3438503045,260301.27
6388900710,476874.28
7956300020,195110.58
1775930440,487095.78
1762600190,920884.8
6600400260,210495.25
8728550150,575774.75
8155500110,599133.1
9169600135,424721.9
1777600490,685378.44
125059179,683436.7
7558700030,4443243.0
1702900624,328398.25
3343901403,543429.94
5101400994,355708.6
5547500050,271217.28
1705400350,357546.2
629810800,901185.7
4104900150,555604.44
7888000390,203991.14
4140900270,346938.44
6649900030,415793.84
820000012,444729.28
6151800080,329429.0
7454001060,217905.33
8682262330,413213.3
1566100010,375753.34
1180500070,410431.53
1112630130,388555.34
3101500090,433299.6
8682310220,605494.1
4032500035,451662.12
1623800440,489471.6
1088400190,221354.36
751000080,398055.06
6675500070,398563.7
2193340140,525996.06
522049074,334332.22
3204500340,259660.34
5104200470,453294.97
7517500611,726893.94
2946002140,246284.7
7631800110,912428.8
3529300330,342863.78
3885801970,606897.75
5456000570,1183100.9
4123810090,351559.75
4037000635,506131.1
8079030350,465127.44
1726069060,677056.44
6858700225,241690.69
3356406510,223525.14
5423030040,594692.3
3111300040,446029.44
259800060,497711.47
1972202320,445670.16
5100403818,358225.38
1422700040,239467.7
3625049014,2383575.2
7852011040,614023.0
1201500010,656106.0
7195800009,281138.72
9407001320,261455.4
9508850100,654204.75
1328340380,281164.2
3885804305,911134.06
7128300630,645338.6
7574000080,389049.62
3744000150,445261.03
2607720150,527887.56
7203190110,687633.25
3904902430,657445.2
11501160,780324.0
9209900315,468586.4
9465910030,586769.9
3622069103,651603.3
3288301010,478163.53
4395600060,815873.44
7694200380,348705.47
9552700550,642130.3
9264921110,279995.38
6738700225,1039071.4
293620220,815202.2
7525300310,605743.06
3992700036,417781.25
3577300040,462782.38
3812400202,199476.72
2402100055,679062.94
1853080790,806074.5
1994200260,663661.5
1339300025,788511.7
7616200050,534005.25
4022902555,695077.7
9528102110,653406.6
6613001241,1736644.6
3205400240,339548.62
6065300840,1523449.4
7852040080,515827.25
1920079039,251126.44
2817910030,462998.25
1563102880,774671.75
8561200110,492016.16
629000605,1123214.9
2781270440,224945.3
6152900273,312143.44
3303950130,366980.75
6411600113,350905.22
4055700167,845761.6
291310310,507339.25
9523100550,778651.4
724069070,1020217.56
2408800120,396990.16
7559600200,634655.3
8165500790,362312.56
7856620870,868130.94
1588600040,329881.7
1023059246,493456.44
1938000140,736286.25
6061400160,374992.28
4167300350,243207.7
8649400790,240023.98
173000036,326099.4
225039049,573886.2
8043700300,2529173.2
3834000400,408397.28
4054530260,1838505.8
8724300010,750287.8
9358002232,375864.8
3298700012,237810.22
1125059071,978250.3
3885805300,440076.94
5315100784,1041441.44
3861400030,783936.4
7202340010,628306.7
7272001805,307182.2
2781250230,313948.72
1042700300,871613.5
123039279,189051.19
3760500336,1340493.5
6979940100,780126.8
686300880,664323.9
5214500690,433248.78
6021502250,646171.9
1320069223,332000.4
2871000300,775714.1
2724069117,407378.9
1159400220,732323.3
2571900380,285914.56
5528600050,307265.7
7686202730,166690.5
2225059118,881542.2
2558630350,430713.53
3655400060,406331.28
9558200080,275651.03
1796100015,617890.56
3378900020,502524.34
5416500040,311154.0
8856004582,208502.72
3812400107,439342.25
6126601445,497044.1
2997800021,436631.8
1211000280,356606.97
766800090,254376.14
3224079005,276072.75
619000100,333093.9
4319200620,371736.75
626059335,482376.38
3340401570,323951.3
7015200800,624160.2
8106300510,515695.44
1446110020,476488.34
2872900280,638566.4
8965500320,739478.94
7853300070,513186.97
5652601455,723705.2
7579200915,1096189.5
2641400160,373539.6
203900460,435167.28
2998800040,632186.44
7519000170,578285.2
923000425,777882.44
2973800030,205745.62
6430500182,968318.7
7304301010,373553.12
3861470110,2134885.5
2296500136,762704.44
6790950150,716822.5
8123100045,476941.16
3142600130,610114.44
7137970130,321709.7
8656800190,436481.94
7135300046,259902.89
3629960680,446973.9
1133000385,747163.9
1085621960,309633.1
9542802000,214211.14
8151600973,562256.2
7019000050,407266.25
6021501920,681808.5
7399300420,236149.33
7548300731,608489.2
5316100220,931979.0
5152600090,284629.9
1703400470,396612.5
7316400070,303316.6
5561300380,476137.66
2215450100,336699.7
8635750330,660923.5
9492500140,827085.6
5315100393,669736.06
8588000315,220128.11
7524200180,237616.16
4235400255,353039.06
326069131,579033.5
4077800026,924937.06
9477000120,367813.62
5608000590,1009311.06
4137050130,292866.84
5249801440,350392.6
9264901510,259428.9
5437820250,201500.0
200500410,472448.1
9407111100,269343.12
126039252,381616.03
6141100255,487352.28
3013300830,364214.84
3271300955,879942.94
3021059276,270368.7
9542000050,677488.5
2769600035,828497.94
3824100364,454461.53
1726069202,341574.0
7327500270,322216.3
1189000207,425690.28
2472950160,255809.28
9558040050,561917.94
3438503120,366073.7
9407150240,275492.03
1370804295,624372.1
5700001100,630547.5
6837820030,406677.1
5411600210,866252.75
5061300030,269956.97
525069133,896024.1
2121000250,340241.0
3179100720,634789.7
2780700050,432896.06
1545805820,270586.66
5702380630,257868.98
9211010260,525356.9
7129300595,265958.5
6802200100,250257.39
3304030140,390404.75
2623039019,818303.06
104500730,203633.5
2924069132,582687.94
1775500310,584788.3
8114000040,322326.66
2011400021,444124.47
7525570020,674212.94
2917200615,428341.38
7697000170,295599.06
7871500070,777524.25
7215722010,531193.4
6300000378,475521.88
7159200005,2612450.8
8946410040,389621.03
3893100327,363478.2
635000009,872447.6
2322069116,455590.22
2760200050,327687.16
3432500210,304381.5
5700000245,586066.9
7588700177,336995.56
9178600135,715659.25
9830200475,436371.22
8562780160,315910.56
9826701665,552695.2
7504010900,681716.2
2770606915,440699.34
1254200075,617296.9
2473450430,429656.28
1433290010,405865.38
7586200061,354129.9
6841700070,527067.1
9826701320,467148.78
8943600720,289152.72
6791900260,815695.25
2301400640,703507.8
7979900210,356826.4
4037200665,428943.5
984000650,293384.28
2937300060,891993.1
8731982190,263079.44
1445200190,272733.6
952003285,773725.2
1402970020,408058.6
2487700274,390177.3
8113101670,415448.22
8682300400,612560.25
809002435,719311.06
4045900147,562505.56
2991000400,278603.12
9456200405,183790.84
5104510370,297536.72
9414610240,481928.53
2111010760,361625.62
1854900430,655345.6
2624300080,784691.9
3645100280,493585.88
1433100010,253323.3
9533600100,1088364.4
6743700030,536207.25
9294300070,661585.6
2114700540,270571.7
7853280550,796168.44
868000175,705728.75
1446401290,220608.75
9109000050,294288.84
8856004327,267083.5
2329800110,267189.47
3031200230,406844.66
7582700075,1688793.0
2422049104,168210.77
9274202885,558687.25
1770000090,394192.34
9500900430,237892.78
7305900082,345495.56
3336000170,354669.7
5680000455,786698.44
9808630210,837805.25
8807810110,455267.5
3824100211,432219.12
3423059153,585102.44
3937900120,486166.7
524059323,850333.56
4305600250,515686.6
1257201375,560643.44
853600150,1316662.5
2424059174,1511651.5
5205000400,293117.2
2658000115,212116.86
3055800020,251576.38
357000025,592251.25
5666300010,344679.06
4167700210,253533.56
9187200275,748746.7
2960900040,457235.97
1021049022,267623.25
7750500120,223574.6
7153200160,1202806.2
4406000390,242895.02
629800380,1407896.5
2026049125,305628.22
6117502230,1666773.2
3379100130,480057.44
2472920140,455648.88
7214720075,554238.0
1771110070,349247.28
5127001600,338069.75
6666860210,319163.5
5467200055,338800.47
7819000040,345089.56
3790700070,295727.62
6362900138,352353.22
597000593,407143.16
8032700070,622482.6
9301300215,1002336.5
8902500118,407383.56
6607000095,410255.4
2163900081,793728.06
7732500270,677749.6
3856903515,617765.7
2557000400,274206.88
4386700135,1576537.9
7399000360,324692.72
